ProductAlternateKey,WeightUnitMeasureCode,SizeUnitMeasureCode,EnglishProductName,StandardCost,Color,SafetyStockLevel,ReorderPoint,ListPrice,Size,SizeRange,Weight,DaysToManufacture,DealerPrice,ModelName,EnglishDescription
FR-R92R-62,LB ,CM ,"HL Road Frame - Red, 62",868.6342,Red,500,375,1431.5,62,60-62 CM,2.3,1,858.9,HL Road Frame,Our lightest and best quality aluminum frame made from the newest alloy; it is welded and heat-treated for strength. Our innovative design results in maximum comfort and performance.
FR-R92R-44,LB ,CM ,"HL Road Frame - Red, 44",868.6342,Red,500,375,1431.5,44,42-46 CM,2.12,1,858.9,HL Road Frame,Our lightest and best quality aluminum frame made from the newest alloy; it is welded and heat-treated for strength. Our innovative design results in maximum comfort and performance.
FR-R92R-48,LB ,CM ,"HL Road Frame - Red, 48",868.6342,Red,500,375,1431.5,48,48-52 CM,2.16,1,858.9,HL Road Frame,Our lightest and best quality aluminum frame made from the newest alloy; it is welded and heat-treated for strength. Our innovative design results in maximum comfort and performance.
FR-R92R-52,LB ,CM ,"HL Road Frame - Red, 52",868.6342,Red,500,375,1431.5,52,48-52 CM,2.2,1,858.9,HL Road Frame,Our lightest and best quality aluminum frame made from the newest alloy; it is welded and heat-treated for strength. Our innovative design results in maximum comfort and performance.
FR-R92R-56,LB ,CM ,"HL Road Frame - Red, 56",868.6342,Red,500,375,1431.5,56,54-58 CM,2.24,1,858.9,HL Road Frame,Our lightest and best quality aluminum frame made from the newest alloy; it is welded and heat-treated for strength. Our innovative design results in maximum comfort and performance.
FR-R38B-58,LB ,CM ,"LL Road Frame - Black, 58",204.6251,Black,500,375,337.22,58,54-58 CM,2.46,1,202.332,LL Road Frame,"The LL Frame provides a safe comfortable ride, while offering superior bump absorption in a value-priced aluminum frame."
FR-R38B-60,LB ,CM ,"LL Road Frame - Black, 60",204.6251,Black,500,375,337.22,60,60-62 CM,2.48,1,202.332,LL Road Frame,"The LL Frame provides a safe comfortable ride, while offering superior bump absorption in a value-priced aluminum frame."
FR-R38B-62,LB ,CM ,"LL Road Frame - Black, 62",204.6251,Black,500,375,337.22,62,60-62 CM,2.5,1,202.332,LL Road Frame,"The LL Frame provides a safe comfortable ride, while offering superior bump absorption in a value-priced aluminum frame."
FR-R38B-44,LB ,CM ,"LL Road Frame - Black, 44",204.6251,Black,500,375,337.22,44,42-46 CM,2.32,1,202.332,LL Road Frame,"The LL Frame provides a safe comfortable ride, while offering superior bump absorption in a value-priced aluminum frame."
FR-R38B-48,LB ,CM ,"LL Road Frame - Black, 48",204.6251,Black,500,375,337.22,48,48-52 CM,2.36,1,202.332,LL Road Frame,"The LL Frame provides a safe comfortable ride, while offering superior bump absorption in a value-priced aluminum frame."
FR-R38B-52,LB ,CM ,"LL Road Frame - Black, 52",204.6251,Black,500,375,337.22,52,48-52 CM,2.4,1,202.332,LL Road Frame,"The LL Frame provides a safe comfortable ride, while offering superior bump absorption in a value-priced aluminum frame."
FR-M94S-42,LB ,CM ,"HL Mountain Frame - Silver, 42",747.2002,Silver,500,375,1364.5,42,42-46 CM,2.72,1,818.7,HL Mountain Frame,Each frame is hand-crafted in our Bothell facility to the optimum diameter and wall-thickness required of a premium mountain frame. The heat-treated welded aluminum frame has a larger diameter tube that absorbs the bumps.
FR-M94S-46,LB ,CM ,"HL Mountain Frame - Silver, 46",747.2002,Silver,500,375,1364.5,46,42-46 CM,2.84,1,818.7,HL Mountain Frame,Each frame is hand-crafted in our Bothell facility to the optimum diameter and wall-thickness required of a premium mountain frame. The heat-treated welded aluminum frame has a larger diameter tube that absorbs the bumps.
FR-M94B-42,LB ,CM ,"HL Mountain Frame - Black, 42",739.041,Black,500,375,1349.6,42,42-46 CM,2.72,1,809.76,HL Mountain Frame,Each frame is hand-crafted in our Bothell facility to the optimum diameter and wall-thickness required of a premium mountain frame. The heat-treated welded aluminum frame has a larger diameter tube that absorbs the bumps.
FR-M94B-46,LB ,CM ,"HL Mountain Frame - Black, 46",739.041,Black,500,375,1349.6,46,42-46 CM,2.84,1,809.76,HL Mountain Frame,Each frame is hand-crafted in our Bothell facility to the optimum diameter and wall-thickness required of a premium mountain frame. The heat-treated welded aluminum frame has a larger diameter tube that absorbs the bumps.
FR-M94B-38,LB ,CM ,"HL Mountain Frame - Black, 38",739.041,Black,500,375,1349.6,38,38-40 CM,2.68,2,809.76,HL Mountain Frame,Each frame is hand-crafted in our Bothell facility to the optimum diameter and wall-thickness required of a premium mountain frame. The heat-treated welded aluminum frame has a larger diameter tube that absorbs the bumps.
FR-M94S-38,LB ,CM ,"HL Mountain Frame - Silver, 38",747.2002,Silver,500,375,1364.5,38,38-40 CM,2.68,2,818.7,HL Mountain Frame,Each frame is hand-crafted in our Bothell facility to the optimum diameter and wall-thickness required of a premium mountain frame. The heat-treated welded aluminum frame has a larger diameter tube that absorbs the bumps.
BK-M68S-38,LB ,CM ,"Mountain-200 Silver, 38",1265.6195,Silver,100,75,2319.99,38,38-40 CM,23.35,4,1391.994,Mountain-200,Serious back-country riding. Perfect for all levels of competition. Uses the same HL Frame as the Mountain-100.
BK-M68S-42,LB ,CM ,"Mountain-200 Silver, 42",1265.6195,Silver,100,75,2319.99,42,42-46 CM,23.77,4,1391.994,Mountain-200,Serious back-country riding. Perfect for all levels of competition. Uses the same HL Frame as the Mountain-100.
BK-M68S-46,LB ,CM ,"Mountain-200 Silver, 46",1265.6195,Silver,100,75,2319.99,46,42-46 CM,24.13,4,1391.994,Mountain-200,Serious back-country riding. Perfect for all levels of competition. Uses the same HL Frame as the Mountain-100.
BK-M68B-38,LB ,CM ,"Mountain-200 Black, 38",1251.9813,Black,100,75,2294.99,38,38-40 CM,23.35,4,1376.994,Mountain-200,Serious back-country riding. Perfect for all levels of competition. Uses the same HL Frame as the Mountain-100.
BK-M68B-42,LB ,CM ,"Mountain-200 Black, 42",1251.9813,Black,100,75,2294.99,42,42-46 CM,23.77,4,1376.994,Mountain-200,Serious back-country riding. Perfect for all levels of competition. Uses the same HL Frame as the Mountain-100.
BK-M68B-46,LB ,CM ,"Mountain-200 Black, 46",1251.9813,Black,100,75,2294.99,46,42-46 CM,24.13,4,1376.994,Mountain-200,Serious back-country riding. Perfect for all levels of competition. Uses the same HL Frame as the Mountain-100.
BK-R89R-58,LB ,CM ,"Road-250 Red, 58",1554.9479,Red,100,75,2443.35,58,54-58 CM,15.79,4,1466.01,Road-250,"Alluminum-alloy frame provides a light, stiff ride, whether you are racing in the velodrome or on a demanding club ride on country roads."
BK-R89B-44,LB ,CM ,"Road-250 Black, 44",1554.9479,Black,100,75,2443.35,44,42-46 CM,14.77,4,1466.01,Road-250,"Alluminum-alloy frame provides a light, stiff ride, whether you are racing in the velodrome or on a demanding club ride on country roads."
BK-R89B-48,LB ,CM ,"Road-250 Black, 48",1554.9479,Black,100,75,2443.35,48,48-52 CM,15.13,4,1466.01,Road-250,"Alluminum-alloy frame provides a light, stiff ride, whether you are racing in the velodrome or on a demanding club ride on country roads."
BK-R89B-52,LB ,CM ,"Road-250 Black, 52",1554.9479,Black,100,75,2443.35,52,48-52 CM,15.42,4,1466.01,Road-250,"Alluminum-alloy frame provides a light, stiff ride, whether you are racing in the velodrome or on a demanding club ride on country roads."
BK-R89B-58,LB ,CM ,"Road-250 Black, 58",1554.9479,Black,100,75,2443.35,58,54-58 CM,15.68,4,1466.01,Road-250,"Alluminum-alloy frame provides a light, stiff ride, whether you are racing in the velodrome or on a demanding club ride on country roads."
BK-R64Y-38,LB ,CM ,"Road-550-W Yellow, 38",713.0798,Yellow,100,75,1120.49,38,38-40 CM,17.35,4,672.294,Road-550-W,"Same technology as all of our Road series bikes, but the frame is sized for a woman.  Perfect all-around bike for road or racing."
BK-R64Y-40,LB ,CM ,"Road-550-W Yellow, 40",713.0798,Yellow,100,75,1120.49,40,38-40 CM,17.77,4,672.294,Road-550-W,"Same technology as all of our Road series bikes, but the frame is sized for a woman.  Perfect all-around bike for road or racing."
BK-R64Y-42,LB ,CM ,"Road-550-W Yellow, 42",713.0798,Yellow,100,75,1120.49,42,42-46 CM,18.13,4,672.294,Road-550-W,"Same technology as all of our Road series bikes, but the frame is sized for a woman.  Perfect all-around bike for road or racing."
BK-R64Y-44,LB ,CM ,"Road-550-W Yellow, 44",713.0798,Yellow,100,75,1120.49,44,42-46 CM,18.42,4,672.294,Road-550-W,"Same technology as all of our Road series bikes, but the frame is sized for a woman.  Perfect all-around bike for road or racing."
BK-R64Y-48,LB ,CM ,"Road-550-W Yellow, 48",713.0798,Yellow,100,75,1120.49,48,48-52 CM,18.68,4,672.294,Road-550-W,"Same technology as all of our Road series bikes, but the frame is sized for a woman.  Perfect all-around bike for road or racing."
FR-R72Y-38,LB ,CM ,"ML Road Frame-W - Yellow, 38",360.9428,Yellow,500,375,594.83,38,38-40 CM,2.18,2,356.898,ML Road Frame-W,"Made from the same aluminum alloy as our top-of-the line HL frame, the ML features a lightweight down-tube milled to the perfect diameter for optimal strength. Women's version."
FR-R72Y-40,LB ,CM ,"ML Road Frame-W - Yellow, 40",360.9428,Yellow,500,375,594.83,40,38-40 CM,2.22,1,356.898,ML Road Frame-W,"Made from the same aluminum alloy as our top-of-the line HL frame, the ML features a lightweight down-tube milled to the perfect diameter for optimal strength. Women's version."
FR-R72Y-42,LB ,CM ,"ML Road Frame-W - Yellow, 42",360.9428,Yellow,500,375,594.83,42,42-46 CM,2.26,1,356.898,ML Road Frame-W,"Made from the same aluminum alloy as our top-of-the line HL frame, the ML features a lightweight down-tube milled to the perfect diameter for optimal strength. Women's version."
FR-R72Y-44,LB ,CM ,"ML Road Frame-W - Yellow, 44",360.9428,Yellow,500,375,594.83,44,42-46 CM,2.3,1,356.898,ML Road Frame-W,"Made from the same aluminum alloy as our top-of-the line HL frame, the ML features a lightweight down-tube milled to the perfect diameter for optimal strength. Women's version."
FR-R72Y-48,LB ,CM ,"ML Road Frame-W - Yellow, 48",360.9428,Yellow,500,375,594.83,48,48-52 CM,2.34,1,356.898,ML Road Frame-W,"Made from the same aluminum alloy as our top-of-the line HL frame, the ML features a lightweight down-tube milled to the perfect diameter for optimal strength. Women's version."
FR-R92B-62,LB ,CM ,"HL Road Frame - Black, 62",868.6342,Black,500,375,1431.5,62,60-62 CM,2.3,1,858.9,HL Road Frame,Our lightest and best quality aluminum frame made from the newest alloy; it is welded and heat-treated for strength. Our innovative design results in maximum comfort and performance.
FR-R92B-44,LB ,CM ,"HL Road Frame - Black, 44",868.6342,Black,500,375,1431.5,44,42-46 CM,2.12,1,858.9,HL Road Frame,Our lightest and best quality aluminum frame made from the newest alloy; it is welded and heat-treated for strength. Our innovative design results in maximum comfort and performance.
FR-R92B-48,LB ,CM ,"HL Road Frame - Black, 48",868.6342,Black,500,375,1431.5,48,48-52 CM,2.16,1,858.9,HL Road Frame,Our lightest and best quality aluminum frame made from the newest alloy; it is welded and heat-treated for strength. Our innovative design results in maximum comfort and performance.
FR-R92B-52,LB ,CM ,"HL Road Frame - Black, 52",868.6342,Black,500,375,1431.5,52,48-52 CM,2.2,1,858.9,HL Road Frame,Our lightest and best quality aluminum frame made from the newest alloy; it is welded and heat-treated for strength. Our innovative design results in maximum comfort and performance.
FR-T98Y-60,LB ,CM ,"HL Touring Frame - Yellow, 60",601.7437,Yellow,500,375,1003.91,60,60-62 CM,3.08,1,602.346,HL Touring Frame,The HL aluminum frame is custom-shaped for both good looks and strength; it will withstand the most rigorous challenges of daily riding. Men's version.
FR-T67Y-62,LB ,CM ,"LL Touring Frame - Yellow, 62",199.8519,Yellow,500,375,333.42,62,60-62 CM,3.2,1,200.052,LL Touring Frame,Lightweight butted aluminum frame provides a more upright riding position for a trip around town.  Our ground-breaking design provides optimum comfort.
FR-T98Y-46,LB ,CM ,"HL Touring Frame - Yellow, 46",601.7437,Yellow,500,375,1003.91,46,42-46 CM,2.96,1,602.346,HL Touring Frame,The HL aluminum frame is custom-shaped for both good looks and strength; it will withstand the most rigorous challenges of daily riding. Men's version.
FR-T98Y-50,LB ,CM ,"HL Touring Frame - Yellow, 50",601.7437,Yellow,500,375,1003.91,50,48-52 CM,3.0,1,602.346,HL Touring Frame,The HL aluminum frame is custom-shaped for both good looks and strength; it will withstand the most rigorous challenges of daily riding. Men's version.
FR-T98Y-54,LB ,CM ,"HL Touring Frame - Yellow, 54",601.7437,Yellow,500,375,1003.91,54,54-58 CM,3.04,1,602.346,HL Touring Frame,The HL aluminum frame is custom-shaped for both good looks and strength; it will withstand the most rigorous challenges of daily riding. Men's version.
FR-T98U-46,LB ,CM ,"HL Touring Frame - Blue, 46",601.7437,Blue,500,375,1003.91,46,42-46 CM,2.96,1,602.346,HL Touring Frame,The HL aluminum frame is custom-shaped for both good looks and strength; it will withstand the most rigorous challenges of daily riding. Men's version.
FR-T98U-50,LB ,CM ,"HL Touring Frame - Blue, 50",601.7437,Blue,500,375,1003.91,50,48-52 CM,3.0,1,602.346,HL Touring Frame,The HL aluminum frame is custom-shaped for both good looks and strength; it will withstand the most rigorous challenges of daily riding. Men's version.
FR-T98U-54,LB ,CM ,"HL Touring Frame - Blue, 54",601.7437,Blue,500,375,1003.91,54,54-58 CM,3.04,1,602.346,HL Touring Frame,The HL aluminum frame is custom-shaped for both good looks and strength; it will withstand the most rigorous challenges of daily riding. Men's version.
FR-T98U-60,LB ,CM ,"HL Touring Frame - Blue, 60",601.7437,Blue,500,375,1003.91,60,60-62 CM,3.08,1,602.346,HL Touring Frame,The HL aluminum frame is custom-shaped for both good looks and strength; it will withstand the most rigorous challenges of daily riding. Men's version.
FR-T67U-50,LB ,CM ,"LL Touring Frame - Blue, 50",199.8519,Blue,500,375,333.42,50,48-52 CM,3.1,1,200.052,LL Touring Frame,Lightweight butted aluminum frame provides a more upright riding position for a trip around town.  Our ground-breaking design provides optimum comfort.
FR-T67U-54,LB ,CM ,"LL Touring Frame - Blue, 54",199.8519,Blue,500,375,333.42,54,54-58 CM,3.14,1,200.052,LL Touring Frame,Lightweight butted aluminum frame provides a more upright riding position for a trip around town.  Our ground-breaking design provides optimum comfort.
FR-T67U-58,LB ,CM ,"LL Touring Frame - Blue, 58",199.8519,Blue,500,375,333.42,58,54-58 CM,3.16,1,200.052,LL Touring Frame,Lightweight butted aluminum frame provides a more upright riding position for a trip around town.  Our ground-breaking design provides optimum comfort.
FR-T67U-62,LB ,CM ,"LL Touring Frame - Blue, 62",199.8519,Blue,500,375,333.42,62,60-62 CM,3.2,1,200.052,LL Touring Frame,Lightweight butted aluminum frame provides a more upright riding position for a trip around town.  Our ground-breaking design provides optimum comfort.
FR-T67Y-44,LB ,CM ,"LL Touring Frame - Yellow, 44",199.8519,Yellow,500,375,333.42,44,42-46 CM,3.02,1,200.052,LL Touring Frame,Lightweight butted aluminum frame provides a more upright riding position for a trip around town.  Our ground-breaking design provides optimum comfort.
FR-T67Y-50,LB ,CM ,"LL Touring Frame - Yellow, 50",199.8519,Yellow,500,375,333.42,50,48-52 CM,3.1,1,200.052,LL Touring Frame,Lightweight butted aluminum frame provides a more upright riding position for a trip around town.  Our ground-breaking design provides optimum comfort.
FR-T67Y-54,LB ,CM ,"LL Touring Frame - Yellow, 54",199.8519,Yellow,500,375,333.42,54,54-58 CM,3.14,1,200.052,LL Touring Frame,Lightweight butted aluminum frame provides a more upright riding position for a trip around town.  Our ground-breaking design provides optimum comfort.
FR-T67Y-58,LB ,CM ,"LL Touring Frame - Yellow, 58",199.8519,Yellow,500,375,333.42,58,54-58 CM,3.16,1,200.052,LL Touring Frame,Lightweight butted aluminum frame provides a more upright riding position for a trip around town.  Our ground-breaking design provides optimum comfort.
FR-T67U-44,LB ,CM ,"LL Touring Frame - Blue, 44",199.8519,Blue,500,375,333.42,44,42-46 CM,3.02,1,200.052,LL Touring Frame,Lightweight butted aluminum frame provides a more upright riding position for a trip around town.  Our ground-breaking design provides optimum comfort.
FR-M63S-40,LB ,CM ,"ML Mountain Frame-W - Silver, 40",199.3757,Silver,500,375,364.09,40,38-40 CM,2.77,1,218.454,ML Mountain Frame-W,The ML frame is a heat-treated aluminum frame made with the same detail and quality as our HL frame. It offers superior performance. Men's version.
FR-M63S-42,LB ,CM ,"ML Mountain Frame-W - Silver, 42",199.3757,Silver,500,375,364.09,42,42-46 CM,2.81,1,218.454,ML Mountain Frame-W,The ML frame is a heat-treated aluminum frame made with the same detail and quality as our HL frame. It offers superior performance. Men's version.
FR-M63S-46,LB ,CM ,"ML Mountain Frame-W - Silver, 46",199.3757,Silver,500,375,364.09,46,42-46 CM,2.85,1,218.454,ML Mountain Frame-W,The ML frame is a heat-treated aluminum frame made with the same detail and quality as our HL frame. It offers superior performance. Men's version.
FR-M21S-42,LB ,CM ,"LL Mountain Frame - Silver, 42",144.5938,Silver,500,375,264.05,42,42-46 CM,2.92,1,158.43,LL Mountain Frame,"Our best value utilizing the same, ground-breaking frame technology as the ML aluminum frame."
FR-M21S-44,LB ,CM ,"LL Mountain Frame - Silver, 44",144.5938,Silver,500,375,264.05,44,42-46 CM,2.96,1,158.43,LL Mountain Frame,"Our best value utilizing the same, ground-breaking frame technology as the ML aluminum frame."
FR-M21S-48,LB ,CM ,"LL Mountain Frame - Silver, 48",144.5938,Silver,500,375,264.05,48,48-52 CM,3.0,1,158.43,LL Mountain Frame,"Our best value utilizing the same, ground-breaking frame technology as the ML aluminum frame."
FR-M21S-52,LB ,CM ,"LL Mountain Frame - Silver, 52",144.5938,Silver,500,375,264.05,52,48-52 CM,3.04,1,158.43,LL Mountain Frame,"Our best value utilizing the same, ground-breaking frame technology as the ML aluminum frame."
FR-M21B-42,LB ,CM ,"LL Mountain Frame - Black, 42",136.785,Black,500,375,249.79,42,42-46 CM,2.92,1,149.874,LL Mountain Frame,"Our best value utilizing the same, ground-breaking frame technology as the ML aluminum frame."
FR-M21B-44,LB ,CM ,"LL Mountain Frame - Black, 44",136.785,Black,500,375,249.79,44,42-46 CM,2.96,1,149.874,LL Mountain Frame,"Our best value utilizing the same, ground-breaking frame technology as the ML aluminum frame."
FR-M21B-48,LB ,CM ,"LL Mountain Frame - Black, 48",136.785,Black,500,375,249.79,48,48-52 CM,3.0,1,149.874,LL Mountain Frame,"Our best value utilizing the same, ground-breaking frame technology as the ML aluminum frame."
FR-M21B-52,LB ,CM ,"LL Mountain Frame - Black, 52",136.785,Black,500,375,249.79,52,48-52 CM,3.04,1,149.874,LL Mountain Frame,"Our best value utilizing the same, ground-breaking frame technology as the ML aluminum frame."
FR-M63S-38,LB ,CM ,"ML Mountain Frame-W - Silver, 38",199.3757,Silver,500,375,364.09,38,38-40 CM,2.73,2,218.454,ML Mountain Frame-W,The ML frame is a heat-treated aluminum frame made with the same detail and quality as our HL frame. It offers superior performance. Men's version.
FR-M21B-40,LB ,CM ,"LL Mountain Frame - Black, 40",136.785,Black,500,375,249.79,40,38-40 CM,2.88,2,149.874,LL Mountain Frame,"Our best value utilizing the same, ground-breaking frame technology as the ML aluminum frame."
FR-M21S-40,LB ,CM ,"LL Mountain Frame - Silver, 40",144.5938,Silver,500,375,264.05,40,38-40 CM,2.88,2,158.43,LL Mountain Frame,"Our best value utilizing the same, ground-breaking frame technology as the ML aluminum frame."
BK-T44U-60,LB ,CM ,"Touring-2000 Blue, 60",755.1508,Blue,100,75,1214.85,60,60-62 CM,27.9,4,728.91,Touring-2000,"The plush custom saddle keeps you riding all day,  and there's plenty of space to add panniers and bike bags to the newly-redesigned carrier.  This bike has stability when fully-loaded."
BK-T79Y-46,LB ,CM ,"Touring-1000 Yellow, 46",1481.9379,Yellow,100,75,2384.07,46,42-46 CM,25.13,4,1430.442,Touring-1000,Travel in style and comfort. Designed for maximum comfort and safety. Wide gear range takes on all hills. High-tech aluminum alloy construction provides durability without added weight.
BK-T79Y-50,LB ,CM ,"Touring-1000 Yellow, 50",1481.9379,Yellow,100,75,2384.07,50,48-52 CM,25.42,4,1430.442,Touring-1000,Travel in style and comfort. Designed for maximum comfort and safety. Wide gear range takes on all hills. High-tech aluminum alloy construction provides durability without added weight.
BK-T79Y-54,LB ,CM ,"Touring-1000 Yellow, 54",1481.9379,Yellow,100,75,2384.07,54,54-58 CM,25.68,4,1430.442,Touring-1000,Travel in style and comfort. Designed for maximum comfort and safety. Wide gear range takes on all hills. High-tech aluminum alloy construction provides durability without added weight.
BK-T79Y-60,LB ,CM ,"Touring-1000 Yellow, 60",1481.9379,Yellow,100,75,2384.07,60,60-62 CM,25.9,4,1430.442,Touring-1000,Travel in style and comfort. Designed for maximum comfort and safety. Wide gear range takes on all hills. High-tech aluminum alloy construction provides durability without added weight.
BK-T18U-54,LB ,CM ,"Touring-3000 Blue, 54",461.4448,Blue,100,75,742.35,54,54-58 CM,29.68,4,445.41,Touring-3000,"All-occasion value bike with our basic comfort and safety features. Offers wider, more stable tires for a ride around town or weekend trip."
BK-T18U-58,LB ,CM ,"Touring-3000 Blue, 58",461.4448,Blue,100,75,742.35,58,54-58 CM,29.9,4,445.41,Touring-3000,"All-occasion value bike with our basic comfort and safety features. Offers wider, more stable tires for a ride around town or weekend trip."
BK-T18U-62,LB ,CM ,"Touring-3000 Blue, 62",461.4448,Blue,100,75,742.35,62,60-62 CM,30.0,4,445.41,Touring-3000,"All-occasion value bike with our basic comfort and safety features. Offers wider, more stable tires for a ride around town or weekend trip."
BK-T18Y-44,LB ,CM ,"Touring-3000 Yellow, 44",461.4448,Yellow,100,75,742.35,44,42-46 CM,28.77,4,445.41,Touring-3000,"All-occasion value bike with our basic comfort and safety features. Offers wider, more stable tires for a ride around town or weekend trip."
BK-T18Y-50,LB ,CM ,"Touring-3000 Yellow, 50",461.4448,Yellow,100,75,742.35,50,48-52 CM,29.13,4,445.41,Touring-3000,"All-occasion value bike with our basic comfort and safety features. Offers wider, more stable tires for a ride around town or weekend trip."
BK-T18Y-54,LB ,CM ,"Touring-3000 Yellow, 54",461.4448,Yellow,100,75,742.35,54,54-58 CM,29.42,4,445.41,Touring-3000,"All-occasion value bike with our basic comfort and safety features. Offers wider, more stable tires for a ride around town or weekend trip."
BK-T18Y-58,LB ,CM ,"Touring-3000 Yellow, 58",461.4448,Yellow,100,75,742.35,58,54-58 CM,29.79,4,445.41,Touring-3000,"All-occasion value bike with our basic comfort and safety features. Offers wider, more stable tires for a ride around town or weekend trip."
BK-T18Y-62,LB ,CM ,"Touring-3000 Yellow, 62",461.4448,Yellow,100,75,742.35,62,60-62 CM,30.0,4,445.41,Touring-3000,"All-occasion value bike with our basic comfort and safety features. Offers wider, more stable tires for a ride around town or weekend trip."
BK-T79U-46,LB ,CM ,"Touring-1000 Blue, 46",1481.9379,Blue,100,75,2384.07,46,42-46 CM,25.13,4,1430.442,Touring-1000,Travel in style and comfort. Designed for maximum comfort and safety. Wide gear range takes on all hills. High-tech aluminum alloy construction provides durability without added weight.
BK-T79U-50,LB ,CM ,"Touring-1000 Blue, 50",1481.9379,Blue,100,75,2384.07,50,48-52 CM,25.42,4,1430.442,Touring-1000,Travel in style and comfort. Designed for maximum comfort and safety. Wide gear range takes on all hills. High-tech aluminum alloy construction provides durability without added weight.
BK-T79U-54,LB ,CM ,"Touring-1000 Blue, 54",1481.9379,Blue,100,75,2384.07,54,54-58 CM,25.68,4,1430.442,Touring-1000,Travel in style and comfort. Designed for maximum comfort and safety. Wide gear range takes on all hills. High-tech aluminum alloy construction provides durability without added weight.
BK-T79U-60,LB ,CM ,"Touring-1000 Blue, 60",1481.9379,Blue,100,75,2384.07,60,60-62 CM,25.9,4,1430.442,Touring-1000,Travel in style and comfort. Designed for maximum comfort and safety. Wide gear range takes on all hills. High-tech aluminum alloy construction provides durability without added weight.
BK-T44U-46,LB ,CM ,"Touring-2000 Blue, 46",755.1508,Blue,100,75,1214.85,46,42-46 CM,27.13,4,728.91,Touring-2000,"The plush custom saddle keeps you riding all day,  and there's plenty of space to add panniers and bike bags to the newly-redesigned carrier.  This bike has stability when fully-loaded."
BK-T44U-50,LB ,CM ,"Touring-2000 Blue, 50",755.1508,Blue,100,75,1214.85,50,48-52 CM,27.42,4,728.91,Touring-2000,"The plush custom saddle keeps you riding all day,  and there's plenty of space to add panniers and bike bags to the newly-redesigned carrier.  This bike has stability when fully-loaded."
BK-T44U-54,LB ,CM ,"Touring-2000 Blue, 54",755.1508,Blue,100,75,1214.85,54,54-58 CM,27.68,4,728.91,Touring-2000,"The plush custom saddle keeps you riding all day,  and there's plenty of space to add panniers and bike bags to the newly-redesigned carrier.  This bike has stability when fully-loaded."
BK-R79Y-40,LB ,CM ,"Road-350-W Yellow, 40",1082.51,Yellow,100,75,1700.99,40,38-40 CM,15.35,4,1020.594,Road-350-W,"Cross-train, race, or just socialize on a sleek, aerodynamic bike designed for a woman.  Advanced seat technology provides comfort all day."
BK-R79Y-42,LB ,CM ,"Road-350-W Yellow, 42",1082.51,Yellow,100,75,1700.99,42,42-46 CM,15.77,4,1020.594,Road-350-W,"Cross-train, race, or just socialize on a sleek, aerodynamic bike designed for a woman.  Advanced seat technology provides comfort all day."
BK-R79Y-44,LB ,CM ,"Road-350-W Yellow, 44",1082.51,Yellow,100,75,1700.99,44,42-46 CM,16.13,4,1020.594,Road-350-W,"Cross-train, race, or just socialize on a sleek, aerodynamic bike designed for a woman.  Advanced seat technology provides comfort all day."
BK-R79Y-48,LB ,CM ,"Road-350-W Yellow, 48",1082.51,Yellow,100,75,1700.99,48,48-52 CM,16.42,4,1020.594,Road-350-W,"Cross-train, race, or just socialize on a sleek, aerodynamic bike designed for a woman.  Advanced seat technology provides comfort all day."
BK-R19B-58,LB ,CM ,"Road-750 Black, 58",343.6496,Black,100,75,539.99,58,54-58 CM,20.79,4,323.994,Road-750,Entry level adult bike; offers a comfortable ride cross-country or down the block. Quick-release hubs and rims.
BK-T18U-44,LB ,CM ,"Touring-3000 Blue, 44",461.4448,Blue,100,75,742.35,44,42-46 CM,28.77,4,445.41,Touring-3000,"All-occasion value bike with our basic comfort and safety features. Offers wider, more stable tires for a ride around town or weekend trip."
BK-T18U-50,LB ,CM ,"Touring-3000 Blue, 50",461.4448,Blue,100,75,742.35,50,48-52 CM,29.13,4,445.41,Touring-3000,"All-occasion value bike with our basic comfort and safety features. Offers wider, more stable tires for a ride around town or weekend trip."
BK-M38S-38,LB ,CM ,"Mountain-400-W Silver, 38",419.7784,Silver,100,75,769.49,38,38-40 CM,26.35,4,461.694,Mountain-400-W,"This bike delivers a high-level of performance on a budget. It is responsive and maneuverable, and offers peace-of-mind when you decide to go off-road."
BK-M38S-40,LB ,CM ,"Mountain-400-W Silver, 40",419.7784,Silver,100,75,769.49,40,38-40 CM,26.77,4,461.694,Mountain-400-W,"This bike delivers a high-level of performance on a budget. It is responsive and maneuverable, and offers peace-of-mind when you decide to go off-road."
BK-M38S-42,LB ,CM ,"Mountain-400-W Silver, 42",419.7784,Silver,100,75,769.49,42,42-46 CM,27.13,4,461.694,Mountain-400-W,"This bike delivers a high-level of performance on a budget. It is responsive and maneuverable, and offers peace-of-mind when you decide to go off-road."
BK-M38S-46,LB ,CM ,"Mountain-400-W Silver, 46",419.7784,Silver,100,75,769.49,46,42-46 CM,27.42,4,461.694,Mountain-400-W,"This bike delivers a high-level of performance on a budget. It is responsive and maneuverable, and offers peace-of-mind when you decide to go off-road."
BK-M18S-40,LB ,CM ,"Mountain-500 Silver, 40",308.2179,Silver,100,75,564.99,40,38-40 CM,27.35,4,338.994,Mountain-500,"Suitable for any type of riding, on or off-road. Fits any budget. Smooth-shifting with a comfortable ride."
BK-M18S-42,LB ,CM ,"Mountain-500 Silver, 42",308.2179,Silver,100,75,564.99,42,42-46 CM,27.77,4,338.994,Mountain-500,"Suitable for any type of riding, on or off-road. Fits any budget. Smooth-shifting with a comfortable ride."
BK-M18S-44,LB ,CM ,"Mountain-500 Silver, 44",308.2179,Silver,100,75,564.99,44,42-46 CM,28.13,4,338.994,Mountain-500,"Suitable for any type of riding, on or off-road. Fits any budget. Smooth-shifting with a comfortable ride."
BK-M18S-48,LB ,CM ,"Mountain-500 Silver, 48",308.2179,Silver,100,75,564.99,48,48-52 CM,28.42,4,338.994,Mountain-500,"Suitable for any type of riding, on or off-road. Fits any budget. Smooth-shifting with a comfortable ride."
BK-M18S-52,LB ,CM ,"Mountain-500 Silver, 52",308.2179,Silver,100,75,564.99,52,48-52 CM,28.68,4,338.994,Mountain-500,"Suitable for any type of riding, on or off-road. Fits any budget. Smooth-shifting with a comfortable ride."
BK-M18B-40,LB ,CM ,"Mountain-500 Black, 40",294.5797,Black,100,75,539.99,40,38-40 CM,27.35,4,323.994,Mountain-500,"Suitable for any type of riding, on or off-road. Fits any budget. Smooth-shifting with a comfortable ride."
BK-M18B-42,LB ,CM ,"Mountain-500 Black, 42",294.5797,Black,100,75,539.99,42,42-46 CM,27.77,4,323.994,Mountain-500,"Suitable for any type of riding, on or off-road. Fits any budget. Smooth-shifting with a comfortable ride."
BK-M18B-44,LB ,CM ,"Mountain-500 Black, 44",294.5797,Black,100,75,539.99,44,42-46 CM,28.13,4,323.994,Mountain-500,"Suitable for any type of riding, on or off-road. Fits any budget. Smooth-shifting with a comfortable ride."
BK-M18B-48,LB ,CM ,"Mountain-500 Black, 48",294.5797,Black,100,75,539.99,48,48-52 CM,28.42,4,323.994,Mountain-500,"Suitable for any type of riding, on or off-road. Fits any budget. Smooth-shifting with a comfortable ride."
BK-M18B-52,LB ,CM ,"Mountain-500 Black, 52",294.5797,Black,100,75,539.99,52,48-52 CM,28.68,4,323.994,Mountain-500,"Suitable for any type of riding, on or off-road. Fits any budget. Smooth-shifting with a comfortable ride."
BK-R19B-44,LB ,CM ,"Road-750 Black, 44",343.6496,Black,100,75,539.99,44,42-46 CM,19.77,4,323.994,Road-750,Entry level adult bike; offers a comfortable ride cross-country or down the block. Quick-release hubs and rims.
BK-R19B-48,LB ,CM ,"Road-750 Black, 48",343.6496,Black,100,75,539.99,48,48-52 CM,20.13,4,323.994,Road-750,Entry level adult bike; offers a comfortable ride cross-country or down the block. Quick-release hubs and rims.
BK-R19B-52,LB ,CM ,"Road-750 Black, 52",343.6496,Black,100,75,539.99,52,48-52 CM,20.42,4,323.994,Road-750,Entry level adult bike; offers a comfortable ride cross-country or down the block. Quick-release hubs and rims.
