DateKey,ProductAlternateKey,UnitCost,UnitsIn,InventoryInValue
20070702,BK-M18B-40,199.56,22,4390.32
20070702,BK-M18B-42,158.08,17,2687.36
20070702,BK-M18B-44,206.34,31,6396.54
20070702,BK-M18B-48,172.99,43,7438.570000000001
20070702,BK-M18S-40,76.16,36,2741.7599999999998
20070702,BK-M18S-42,64.66,31,2004.4599999999998
20070702,BK-M18S-44,80.58,26,2095.08
20070702,BK-M18S-48,77.97,29,2261.13
20070702,BK-M18S-52,62.26,51,3175.2599999999998
20070702,BK-M38S-38,316.02,27,8532.539999999999
20070702,BK-M38S-40,268.86,19,5108.34
20070702,BK-M38S-42,316.14,8,2529.12
20070702,BK-M38S-46,293.66,21,6166.860000000001
20070702,BK-M68B-38,693.28,69,47836.32
20070702,BK-M68B-42,722.15,70,50550.5
20070702,BK-M68B-46,676.93,49,33169.57
20070702,BK-M68S-38,725.78,68,49353.04
20070702,BK-M68S-42,716.41,49,35104.09
20070702,BK-M68S-46,714.6,53,37873.8
20070702,BK-R19B-48,188.17,113,21263.21
20070702,BK-R19B-52,217.76,93,20251.68
20070702,BK-R19B-58,254.83,40,10193.2
20070702,BK-R64Y-38,423.91,49,20771.59
20070702,BK-R64Y-40,489.61,59,28886.99
20070702,BK-R64Y-42,539.35,27,14562.45
20070702,BK-R64Y-44,444.62,16,7113.92
20070702,BK-R64Y-48,415.58,50,20779.0
20070702,BK-R79Y-40,693.63,113,78380.19
20070702,BK-R79Y-42,516.45,63,32536.350000000002
20070702,BK-R79Y-44,682.03,24,16368.72
20070702,BK-R79Y-48,621.69,119,73981.11
20070702,BK-R89B-44,1008.15,40,40326.0
20070702,BK-R89B-48,805.5,52,41886.0
20070702,BK-R89B-52,849.19,38,32269.22
20070702,BK-R89B-58,923.58,9,8312.220000000001
20070702,BK-R89R-58,995.56,15,14933.4
20070702,BK-T18U-44,188.7,14,2641.7999999999997
20070702,BK-T18U-50,158.72,51,8094.72
20070702,BK-T18U-54,172.42,38,6551.959999999999
20070702,BK-T18U-58,187.59,32,6002.88
20070702,BK-T18Y-44,178.45,59,10528.55
20070702,BK-T18Y-50,181.58,43,7807.9400000000005
20070702,BK-T18Y-54,168.93,33,5574.6900000000005
20070702,BK-T18Y-58,170.78,17,2903.26
20070702,BK-T18Y-62,168.34,58,9763.72
20070702,BK-T44U-46,405.3,31,12564.300000000001
20070702,BK-T44U-54,375.96,56,21053.76
20070702,BK-T44U-60,390.17,57,22239.690000000002
20070702,BK-T79U-46,812.28,70,56859.6
20070702,BK-T79U-50,682.49,27,18427.23
20070702,BK-T79U-60,740.07,69,51064.83
20070702,BK-T79Y-46,472.61,73,34500.53
20070702,BK-T79Y-50,628.76,36,22635.36
20070702,BK-T79Y-60,472.24,45,21250.8
20070702,FR-M63S-40,115.87,118,13672.66
20070702,FR-R38B-52,141.87,94,13335.78
20070702,FR-R72Y-44,185.83,86,15981.380000000001
20070704,BK-R19B-44,213.57,21,4484.97
20070706,BK-R89B-44,1000.6,15,15009.0
20070706,BK-T79U-54,729.71,9,6567.39
20070707,BK-M38S-40,266.92,20,5338.400000000001
20070708,BK-R64Y-42,542.59,20,10851.800000000001
20070712,BK-R79Y-42,517.01,14,7238.139999999999
20070713,BK-R64Y-48,418.09,10,4180.9
20070716,BK-M38S-42,317.26,25,7931.5
20070717,BK-R19B-48,187.15,21,3930.15
20070719,BK-T79Y-60,466.87,5,2334.35
20070721,BK-M68S-38,712.86,21,14970.06
20070721,BK-R19B-52,222.02,8,1776.16
20070721,BK-R89R-58,981.36,21,20608.56
20070723,BK-R19B-58,259.28,21,5444.879999999999
20070723,BK-R89B-58,917.23,7,6420.610000000001
20070724,BK-R89B-48,826.73,26,21494.98
20070725,BK-M68B-46,682.22,15,10233.300000000001
20070725,BK-T18U-50,161.64,19,3071.16
20070726,BK-R89B-52,867.38,8,6939.04
20070727,BK-M68B-38,708.63,10,7086.3
20070729,BK-M68S-42,733.48,22,16136.560000000001
20070729,BK-R79Y-48,616.48,6,3698.88
20070730,BK-R89B-44,1003.01,19,19057.19
20070731,BK-T79Y-46,463.52,20,9270.4
20070802,BK-M18B-40,200.37,15,3005.55
20070802,BK-M18B-42,159.74,57,9105.18
20070802,BK-M18B-44,205.3,53,10880.900000000001
20070802,BK-M18B-48,167.76,46,7716.959999999999
20070802,BK-M18B-52,211.69,40,8467.6
20070802,BK-M18S-40,77.08,52,4008.16
20070802,BK-M18S-42,64.77,58,3756.66
20070802,BK-M18S-44,80.05,49,3922.45
20070802,BK-M18S-48,76.32,36,2747.5199999999995
20070802,BK-M18S-52,62.11,52,3229.72
20070802,BK-M38S-38,312.93,15,4693.95
20070802,BK-M38S-40,266.3,52,13847.6
20070802,BK-M38S-46,304.99,36,10979.64
20070802,BK-M68B-38,710.75,155,110166.25
20070802,BK-M68B-42,716.23,98,70190.54000000001
20070802,BK-M68B-46,677.71,67,45406.57
20070802,BK-M68S-38,720.48,85,61240.8
20070802,BK-M68S-42,735.37,100,73537.0
20070802,BK-M68S-46,706.56,89,62883.84
20070802,BK-R19B-44,214.83,62,13319.460000000001
20070802,BK-R19B-48,186.44,151,28152.44
20070802,BK-R19B-52,221.5,117,25915.5
20070802,BK-R19B-58,257.17,82,21087.940000000002
20070802,BK-R64Y-38,421.2,86,36223.2
20070802,BK-R64Y-40,488.28,79,38574.119999999995
20070802,BK-R64Y-42,562.19,52,29233.880000000005
20070802,BK-R64Y-44,443.77,37,16419.489999999998
20070802,BK-R64Y-48,412.62,78,32184.36
20070802,BK-R79Y-40,695.67,141,98089.47
20070802,BK-R79Y-42,519.24,79,41019.96
20070802,BK-R79Y-44,692.54,45,31164.3
20070802,BK-R79Y-48,609.67,153,93279.51
20070802,BK-R89B-44,995.21,77,76631.17
20070802,BK-R89B-48,819.96,43,35258.28
20070802,BK-R89B-52,869.44,60,52166.4
20070802,BK-R89B-58,920.12,43,39565.16
20070802,BK-R89R-58,994.23,45,44740.35
20070802,BK-T18U-44,186.44,28,5220.32
20070802,BK-T18U-50,162.1,60,9726.0
20070802,BK-T18U-54,175.87,70,12310.9
20070802,BK-T18U-58,182.53,34,6206.02
20070802,BK-T18U-62,202.74,23,4663.02
20070802,BK-T18Y-44,176.85,90,15916.5
20070802,BK-T18Y-50,178.51,65,11603.15
20070802,BK-T18Y-54,169.06,35,5917.1
20070802,BK-T18Y-58,171.75,41,7041.75
20070802,BK-T18Y-62,169.46,94,15929.240000000002
20070802,BK-T44U-46,412.56,50,20628.0
20070802,BK-T44U-50,395.89,29,11480.81
20070802,BK-T44U-54,380.02,133,50542.659999999996
20070802,BK-T44U-60,391.6,52,20363.2
20070802,BK-T79U-46,814.44,101,82258.44
20070802,BK-T79U-50,669.29,65,43503.85
20070802,BK-T79U-54,734.35,55,40389.25
20070802,BK-T79U-60,741.17,132,97834.43999999999
20070802,BK-T79Y-46,463.42,72,33366.24
20070802,BK-T79Y-50,631.09,43,27136.870000000003
20070802,BK-T79Y-54,628.55,37,23256.35
20070802,BK-T79Y-60,472.23,154,72723.42
20070802,FR-M21B-42,70.28,49,3443.7200000000003
20070802,FR-M21B-44,78.32,141,11043.119999999999
20070802,FR-M21B-48,93.84,124,11636.16
20070802,FR-M21S-40,90.32,52,4696.639999999999
20070802,FR-M21S-42,78.77,118,9294.859999999999
20070802,FR-M21S-44,95.03,116,11023.48
20070802,FR-M21S-52,77.66,130,10095.8
20070802,FR-M63S-40,117.28,80,9382.4
20070802,FR-M63S-42,116.1,131,15209.099999999999
20070802,FR-M63S-46,124.62,126,15702.12
20070802,FR-M94B-42,390.98,139,54346.22
20070802,FR-M94S-38,416.32,163,67860.16
20070802,FR-M94S-42,383.9,105,40309.5
20070802,FR-R38B-52,144.55,84,12142.2
20070802,FR-R38B-58,120.68,147,17739.960000000003
20070802,FR-R72Y-38,224.48,90,20203.2
20070802,FR-R72Y-44,188.67,168,31696.559999999998
20070802,FR-R72Y-48,237.39,119,28249.41
20070802,FR-R92B-44,534.17,26,13888.419999999998
20070802,FR-R92R-44,477.38,107,51079.659999999996
20070802,FR-R92R-62,458.73,37,16973.010000000002
20070802,FR-T67U-50,104.36,30,3130.8
20070802,FR-T67Y-44,108.18,111,12007.980000000001
20070802,FR-T67Y-62,112.62,91,10248.42
20070802,FR-T98U-54,302.72,60,18163.2
20070802,FR-T98U-60,335.87,68,22839.16
20070802,FR-T98Y-54,322.22,135,43499.700000000004
20070802,FR-T98Y-60,309.24,31,9586.44
20070804,BK-M38S-40,267.61,18,4816.9800000000005
20070808,BK-M68B-46,670.42,14,9385.88
20070808,BK-R64Y-44,448.67,25,11216.75
20070808,BK-R89B-48,815.69,25,20392.25
20070810,BK-M68B-42,715.86,8,5726.88
20070811,BK-M68B-38,708.3,22,15582.599999999999
20070814,BK-M68S-46,705.81,10,7058.099999999999
20070817,BK-M68S-38,723.55,17,12300.349999999999
20070818,BK-R79Y-44,682.68,22,15018.96
20070820,BK-M68B-42,708.63,9,6377.67
20070822,BK-R64Y-42,554.94,11,6104.34
20070822,BK-R79Y-40,691.93,15,10378.949999999999
20070826,BK-R89B-58,909.42,5,4547.099999999999
20070827,BK-M68B-46,672.26,11,7394.86
20070830,BK-R19B-48,189.49,5,947.45
20070901,BK-R19B-52,222.6,21,4674.599999999999
20070901,BK-R89B-52,892.49,22,19634.78
20070902,BK-M18B-40,199.76,20,3995.2
20070902,BK-M18B-42,158.87,43,6831.41
20070902,BK-M18B-44,211.23,50,10561.5
20070902,BK-M18B-48,167.8,39,6544.200000000001
20070902,BK-M18B-52,212.64,14,2976.96
20070902,BK-M18S-40,79.65,52,4141.8
20070902,BK-M18S-42,65.34,40,2613.6000000000004
20070902,BK-M18S-44,80.59,56,4513.04
20070902,BK-M18S-48,76.36,79,6032.44
20070902,BK-M18S-52,63.67,52,3310.84
20070902,BK-M38S-38,318.08,57,18130.559999999998
20070902,BK-M38S-40,269.19,59,15882.21
20070902,BK-M38S-42,310.53,37,11489.609999999999
20070902,BK-M38S-46,308.91,24,7413.84
20070902,BK-M68B-38,697.0,157,109429.0
20070902,BK-M68B-42,708.1,110,77891.0
20070902,BK-M68B-46,675.62,109,73642.58
20070902,BK-M68S-38,735.97,100,73597.0
20070902,BK-M68S-42,730.81,88,64311.28
20070902,BK-M68S-46,712.56,77,54867.119999999995
20070902,BK-R19B-44,213.09,28,5966.52
20070902,BK-R19B-48,188.16,99,18627.84
20070902,BK-R19B-52,223.03,88,19626.64
20070902,BK-R19B-58,255.3,74,18892.2
20070902,BK-R64Y-38,424.58,90,38212.2
20070902,BK-R64Y-40,492.28,49,24121.719999999998
20070902,BK-R64Y-42,560.61,51,28591.11
20070902,BK-R64Y-44,444.88,26,11566.88
20070902,BK-R64Y-48,410.63,63,25869.69
20070902,BK-R79Y-40,697.94,103,71887.82
20070902,BK-R79Y-42,525.53,55,28904.149999999998
20070902,BK-R79Y-44,700.45,17,11907.650000000001
20070902,BK-R79Y-48,601.71,139,83637.69
20070902,BK-R89B-44,992.23,70,69456.1
20070902,BK-R89B-48,811.83,50,40591.5
20070902,BK-R89B-52,892.49,24,21419.760000000002
20070902,BK-R89B-58,904.49,41,37084.090000000004
20070902,BK-R89R-58,1019.12,19,19363.28
20070902,BK-T18U-44,191.29,47,8990.63
20070902,BK-T18U-50,162.13,109,17672.17
20070902,BK-T18U-54,177.34,85,15073.9
20070902,BK-T18U-58,186.17,62,11542.539999999999
20070902,BK-T18U-62,202.76,31,6285.5599999999995
20070902,BK-T18Y-44,174.09,86,14971.74
20070902,BK-T18Y-50,177.85,91,16184.35
20070902,BK-T18Y-54,169.98,43,7309.139999999999
20070902,BK-T18Y-58,171.14,35,5989.9
20070902,BK-T18Y-62,174.42,88,15348.96
20070902,BK-T44U-46,407.31,69,28104.39
20070902,BK-T44U-50,416.27,27,11239.289999999999
20070902,BK-T44U-54,379.41,94,35664.54
20070902,BK-T44U-60,392.34,130,51004.2
20070902,BK-T79U-46,811.19,73,59216.87
20070902,BK-T79U-50,668.61,54,36104.94
20070902,BK-T79U-54,719.49,38,27340.62
20070902,BK-T79U-60,728.23,94,68453.62
20070902,BK-T79Y-46,465.97,99,46131.030000000006
20070902,BK-T79Y-50,634.42,72,45678.24
20070902,BK-T79Y-54,632.82,41,25945.620000000003
20070902,BK-T79Y-60,468.93,115,53926.950000000004
20070902,FR-M21B-42,71.04,91,6464.64
20070902,FR-M21B-44,77.04,80,6163.200000000001
20070902,FR-M21S-40,88.95,154,13698.300000000001
20070902,FR-M21S-42,78.29,66,5167.14
20070902,FR-M63S-40,116.64,105,12247.2
20070902,FR-M63S-42,117.09,109,12762.81
20070902,FR-M94B-38,416.0,113,47008.0
20070902,FR-M94S-46,437.46,70,30622.199999999997
20070902,FR-R38B-44,125.91,86,10828.26
20070902,FR-R38B-52,144.44,144,20799.36
20070902,FR-R92B-44,531.52,45,23918.399999999998
20070902,FR-R92R-62,455.55,43,19588.65
20070902,FR-T67U-50,105.6,120,12672.0
20070902,FR-T67U-54,122.76,61,7488.360000000001
20070902,FR-T67Y-50,103.13,133,13716.289999999999
20070902,FR-T98U-54,298.12,178,53065.36
20070902,FR-T98U-60,336.35,100,33635.0
20070902,FR-T98Y-54,325.41,48,15619.68
20070902,FR-T98Y-60,299.93,177,53087.61
20070907,BK-R89B-52,889.36,22,19565.920000000002
20070909,BK-R64Y-48,411.73,14,5764.22
20070910,BK-M68S-46,723.95,6,4343.700000000001
20070913,BK-M18S-40,79.45,20,1589.0
20070913,BK-M68S-38,733.61,10,7336.1
20070913,BK-R64Y-40,489.37,3,1468.1100000000001
20070914,BK-R64Y-40,487.7,11,5364.7
20070914,BK-R89B-44,990.19,15,14852.85
20070915,BK-M68S-46,726.76,17,12354.92
20070916,BK-T18Y-54,171.0,18,3078.0
20070917,BK-R79Y-40,700.56,11,7706.16
20070918,BK-R19B-44,212.55,16,3400.8
20070918,BK-T44U-50,408.49,17,6944.33
20070918,BK-T79U-46,802.19,8,6417.52
20070921,BK-R79Y-48,601.13,19,11421.47
20070921,BK-R89B-48,824.11,28,23075.08
20070924,BK-M68S-42,721.44,21,15150.240000000002
20070925,BK-T79U-50,666.53,22,14663.66
20070926,BK-M68S-38,731.42,16,11702.72
20070926,BK-R19B-48,186.38,7,1304.6599999999999
20070926,BK-R79Y-42,536.8,14,7515.199999999999
20070927,BK-R19B-58,255.58,10,2555.8
20070927,BK-R64Y-42,558.86,23,12853.78
20070927,BK-T79U-60,716.67,14,10033.38
20070928,BK-M68B-46,660.43,13,8585.59
20070929,BK-M18B-42,159.62,9,1436.58
20070929,BK-M68B-42,732.73,6,4396.38
20071002,BK-M18B-40,200.83,32,6426.56
20071002,BK-M18B-42,159.03,22,3498.66
20071002,BK-M18B-48,168.96,33,5575.68
20071002,BK-M18B-52,211.86,24,5084.64
20071002,BK-M18S-40,80.65,26,2096.9
20071002,BK-M18S-42,62.09,42,2607.78
20071002,BK-M18S-48,74.38,13,966.9399999999999
20071002,BK-M18S-52,63.96,32,2046.72
20071002,BK-M38S-38,319.83,4,1279.32
20071002,BK-M38S-40,265.76,41,10896.16
20071002,BK-M38S-42,308.89,38,11737.82
20071002,BK-M38S-46,306.53,19,5824.07
20071002,BK-M68B-38,703.42,79,55570.18
20071002,BK-M68B-42,730.02,76,55481.52
20071002,BK-M68B-46,663.45,42,27864.9
20071002,BK-M68S-38,732.29,58,42472.82
20071002,BK-M68S-42,717.44,47,33719.68
20071002,BK-M68S-46,733.42,48,35204.159999999996
20071002,BK-R19B-44,209.69,34,7129.46
20071002,BK-R19B-48,189.14,124,23453.359999999997
20071002,BK-R19B-52,217.92,68,14818.56
20071002,BK-R19B-58,255.68,43,10994.24
20071002,BK-R64Y-38,431.08,40,17243.2
20071002,BK-R64Y-40,490.32,56,27457.92
20071002,BK-R64Y-42,561.21,25,14030.25
20071002,BK-R64Y-44,456.79,14,6395.06
20071002,BK-R64Y-48,405.32,82,33236.24
20071002,BK-R79Y-40,709.59,93,65991.87000000001
20071002,BK-R79Y-42,538.98,60,32338.800000000003
20071002,BK-R79Y-44,716.16,34,24349.44
20071002,BK-R79Y-48,594.0,84,49896.0
20071002,BK-R89B-44,997.17,56,55841.52
20071002,BK-R89B-48,824.4,38,31327.2
20071002,BK-R89B-52,880.67,37,32584.789999999997
20071002,BK-R89B-58,916.84,11,10085.24
20071002,BK-R89R-58,1019.2,14,14268.800000000001
20071002,BK-T18U-50,162.79,37,6023.23
20071002,BK-T18U-54,178.42,47,8385.74
20071002,BK-T18U-58,184.26,40,7370.4
20071002,BK-T18U-62,206.97,4,827.88
20071002,BK-T18Y-44,170.4,73,12439.2
20071002,BK-T18Y-50,183.53,30,5505.9
20071002,BK-T18Y-54,173.28,27,4678.56
20071002,BK-T18Y-62,172.96,43,7437.280000000001
20071002,BK-T44U-46,407.42,47,19148.74
20071002,BK-T44U-54,378.79,76,28788.04
20071002,BK-T44U-60,390.74,38,14848.12
20071002,BK-T79U-46,804.31,50,40215.5
20071002,BK-T79U-50,675.04,25,16876.0
20071002,BK-T79U-54,732.39,24,17577.36
20071002,BK-T79U-60,717.86,43,30867.98
20071002,BK-T79Y-46,454.31,53,24078.43
20071002,BK-T79Y-50,633.65,29,18375.85
20071002,BK-T79Y-54,630.22,26,16385.72
20071002,BK-T79Y-60,474.2,85,40307.0
20071002,FR-M21S-42,77.65,122,9473.300000000001
20071002,FR-M21S-52,77.54,63,4885.02
20071002,FR-M63S-40,117.79,137,16137.230000000001
20071002,FR-R72Y-38,209.76,73,15312.48
20071002,FR-R72Y-40,259.94,59,15336.46
20071002,FR-R72Y-44,188.57,40,7542.799999999999
20071002,FR-T67Y-62,115.1,123,14157.3
20071005,BK-M38S-38,322.1,23,7408.3
20071006,BK-M68S-38,727.39,19,13820.41
20071007,BK-M68B-46,665.24,12,7982.88
20071007,BK-R64Y-38,430.55,17,7319.35
20071007,BK-R64Y-44,456.14,14,6385.96
20071007,BK-T44U-50,405.78,18,7304.039999999999
20071009,BK-T79Y-46,445.79,15,6686.85
20071013,BK-M68B-42,720.41,18,12967.38
20071013,BK-R19B-52,219.38,21,4606.98
20071014,BK-R79Y-42,545.31,16,8724.96
20071015,BK-T79U-60,720.71,18,12972.78
20071017,BK-M68S-46,738.3,3,2214.8999999999996
20071019,BK-M68B-46,661.76,17,11249.92
20071019,BK-M68S-42,729.02,6,4374.12
20071019,BK-R89R-58,1021.17,27,27571.59
20071020,BK-M68S-46,741.77,3,2225.31
20071021,BK-R19B-44,207.71,12,2492.52
20071022,BK-R79Y-40,724.23,18,13036.14
20071023,BK-M68S-38,721.84,20,14436.800000000001
20071023,BK-M68S-46,743.55,11,8179.049999999999
20071023,BK-R19B-48,186.04,6,1116.24
20071023,BK-T79Y-50,630.04,19,11970.759999999998
20071024,BK-M68S-42,726.47,10,7264.700000000001
20071026,BK-M38S-46,305.91,13,3976.8300000000004
20071026,BK-R19B-58,254.68,17,4329.56
20071027,BK-R89B-58,912.73,21,19167.33
20071029,BK-R19B-48,185.11,16,2961.76
20071031,BK-M68B-38,704.94,20,14098.800000000001
20071101,BK-R19B-44,206.1,21,4328.099999999999
20071102,BK-M18B-40,204.46,28,5724.88
20071102,BK-M18B-42,163.49,48,7847.52
20071102,BK-M18B-44,211.22,22,4646.84
20071102,BK-M18B-48,169.36,56,9484.16
20071102,BK-M18B-52,212.75,10,2127.5
20071102,BK-M18S-40,81.4,35,2849.0
20071102,BK-M18S-42,61.96,43,2664.28
20071102,BK-M18S-44,81.68,63,5145.84
20071102,BK-M18S-48,73.45,68,4994.6
20071102,BK-M18S-52,63.06,36,2270.16
20071102,BK-M38S-38,327.45,28,9168.6
20071102,BK-M38S-40,264.53,39,10316.669999999998
20071102,BK-M38S-42,307.34,9,2766.06
20071102,BK-M38S-46,305.35,28,8549.800000000001
20071102,BK-M68B-38,705.99,127,89660.73
20071102,BK-M68B-42,729.5,126,91917.0
20071102,BK-M68B-46,657.64,55,36170.2
20071102,BK-M68S-38,725.42,82,59484.439999999995
20071102,BK-M68S-42,720.29,75,54021.75
20071102,BK-M68S-46,737.08,77,56755.16
20071102,BK-R19B-44,205.77,19,3909.63
20071102,BK-R19B-48,186.54,103,19213.62
20071102,BK-R19B-52,222.35,102,22679.7
20071102,BK-R19B-58,254.67,62,15789.539999999999
20071102,BK-R64Y-38,433.56,79,34251.24
20071102,BK-R64Y-40,485.23,57,27658.11
20071102,BK-R64Y-42,557.2,60,33432.0
20071102,BK-R64Y-44,450.55,48,21626.4
20071102,BK-R64Y-48,405.56,63,25550.28
20071102,BK-R79Y-40,714.91,99,70776.09
20071102,BK-R79Y-42,552.55,80,44204.0
20071102,BK-R79Y-44,729.81,32,23353.92
20071102,BK-R79Y-48,593.38,144,85446.72
20071102,BK-R89B-44,987.9,52,51370.799999999996
20071102,BK-R89B-48,848.37,71,60234.27
20071102,BK-R89B-52,907.92,55,49935.6
20071102,BK-R89B-58,914.25,30,27427.5
20071102,BK-R89R-58,1031.36,38,39191.67999999999
20071102,BK-T18U-44,194.51,18,3501.18
20071102,BK-T18U-50,163.01,93,15159.929999999998
20071102,BK-T18U-54,178.32,40,7132.799999999999
20071102,BK-T18U-58,185.09,31,5737.79
20071102,BK-T18U-62,211.55,41,8673.550000000001
20071102,BK-T18Y-44,167.92,54,9067.679999999998
20071102,BK-T18Y-50,182.59,61,11137.99
20071102,BK-T18Y-54,174.0,29,5046.0
20071102,BK-T18Y-58,169.06,12,2028.72
20071102,BK-T18Y-62,172.18,85,14635.300000000001
20071102,BK-T44U-46,408.15,24,9795.599999999999
20071102,BK-T44U-54,381.33,87,33175.71
20071102,BK-T44U-60,392.6,70,27482.0
20071102,BK-T79U-46,815.24,86,70110.64
20071102,BK-T79U-50,685.28,76,52081.28
20071102,BK-T79U-60,710.77,90,63969.299999999996
20071102,BK-T79Y-46,448.91,57,25587.870000000003
20071102,BK-T79Y-50,632.8,33,20882.399999999998
20071102,BK-T79Y-54,628.32,29,18221.280000000002
20071102,BK-T79Y-60,474.76,75,35607.0
20071102,FR-M21B-42,71.96,95,6836.2
20071102,FR-M21B-44,77.03,45,3466.35
20071102,FR-M21B-48,94.99,124,11778.76
20071102,FR-M21S-44,96.45,115,11091.75
20071102,FR-M63S-42,116.97,65,7603.05
20071102,FR-M94B-42,360.7,54,19477.8
20071102,FR-M94S-38,429.55,132,56700.6
20071102,FR-R72Y-44,190.83,136,25952.88
20071102,FR-R72Y-48,246.8,60,14808.0
20071102,FR-R92B-44,548.15,113,61940.95
20071102,FR-R92R-62,462.45,71,32833.95
20071102,FR-T98U-46,332.48,59,19616.32
20071102,FR-T98U-50,312.0,10,3120.0
20071102,FR-T98Y-50,349.95,7,2449.65
20071102,FR-T98Y-54,333.63,44,14679.72
20071103,BK-T79U-54,716.76,12,8601.119999999999
20071104,BK-M68B-46,657.05,23,15112.15
20071109,BK-R19B-44,204.36,5,1021.8000000000001
20071109,BK-T79U-46,815.14,16,13042.24
20071111,BK-M38S-42,307.91,18,5542.38
20071112,BK-T79Y-60,482.39,14,6753.46
20071114,BK-M68B-38,713.4,12,8560.8
20071115,BK-M18S-52,62.46,4,249.84
20071115,BK-R19B-44,204.16,13,2654.08
20071115,BK-R64Y-40,488.51,13,6350.63
20071115,BK-T18U-54,177.92,19,3380.4799999999996
20071116,BK-M68S-46,749.8,8,5998.4
20071118,BK-R19B-52,227.01,12,2724.12
20071119,BK-R79Y-44,730.12,26,18983.12
20071120,BK-M68B-42,730.47,14,10226.58
20071120,BK-M68S-38,736.04,7,5152.28
20071120,BK-R79Y-40,718.6,8,5748.8
20071123,BK-M68S-46,743.73,19,14130.87
20071125,BK-M68B-46,651.12,4,2604.48
20071125,BK-M68S-38,735.73,18,13243.14
20071125,BK-R19B-58,258.72,21,5433.120000000001
20071125,BK-R89B-44,988.7,11,10875.7
20071126,BK-T79Y-50,633.96,17,10777.32
20071127,BK-M68B-38,711.82,3,2135.46
20071127,BK-T44U-50,400.26,21,8405.46
20071128,BK-M68B-42,726.51,19,13803.69
20071128,BK-M68B-46,649.49,21,13639.29
20071128,BK-R19B-44,203.14,21,4265.94
20071128,BK-R64Y-38,427.85,26,11124.1
20071128,BK-R79Y-40,720.59,15,10808.85
20071129,BK-M68S-42,718.98,23,16536.54
20071129,BK-R79Y-48,595.52,22,13101.439999999999
20071130,BK-R89B-58,920.36,17,15646.12
20071201,BK-M18B-44,206.95,23,4759.849999999999
20071201,BK-M68B-38,719.32,5,3596.6000000000004
20071201,BK-R19B-52,229.78,14,3216.92
20071201,BK-T44U-60,398.64,8,3189.12
20071201,BK-T79Y-46,459.75,21,9654.75
20071202,BK-M18B-40,208.98,22,4597.5599999999995
20071202,BK-M18B-42,157.34,35,5506.900000000001
20071202,BK-M18B-44,207.53,5,1037.65
20071202,BK-M18B-48,170.11,32,5443.52
20071202,BK-M18B-52,207.06,37,7661.22
20071202,BK-M18S-40,81.16,54,4382.639999999999
20071202,BK-M18S-42,63.19,40,2527.6
20071202,BK-M18S-44,82.89,31,2569.59
20071202,BK-M18S-48,73.37,43,3154.9100000000003
20071202,BK-M18S-52,62.5,57,3562.5
20071202,BK-M38S-38,336.2,23,7732.599999999999
20071202,BK-M38S-40,268.41,76,20399.160000000003
20071202,BK-M38S-42,311.7,19,5922.3
20071202,BK-M38S-46,303.69,18,5466.42
20071202,BK-M68B-38,718.74,120,86248.8
20071202,BK-M68B-42,733.73,104,76307.92
20071202,BK-M68B-46,646.05,70,45223.5
20071202,BK-M68S-38,738.14,63,46502.82
20071202,BK-M68S-42,715.88,52,37225.76
20071202,BK-M68S-46,743.85,61,45374.85
20071202,BK-R19B-44,203.71,5,1018.5500000000001
20071202,BK-R19B-48,185.46,113,20956.98
20071202,BK-R19B-52,228.68,89,20352.52
20071202,BK-R19B-58,259.93,32,8317.76
20071202,BK-R64Y-38,429.81,41,17622.21
20071202,BK-R64Y-40,485.42,47,22814.74
20071202,BK-R64Y-42,573.28,44,25224.32
20071202,BK-R64Y-44,439.75,14,6156.5
20071202,BK-R64Y-48,405.91,93,37749.630000000005
20071202,BK-R79Y-40,710.63,114,81011.81999999999
20071202,BK-R79Y-42,569.24,61,34723.64
20071202,BK-R79Y-44,736.87,8,5894.96
20071202,BK-R79Y-48,594.74,132,78505.68000000001
20071202,BK-R89B-44,984.7,56,55143.200000000004
20071202,BK-R89B-48,871.55,45,39219.75
20071202,BK-R89B-52,927.92,51,47323.92
20071202,BK-R89B-58,923.86,15,13857.9
20071202,BK-R89R-58,1034.33,19,19652.269999999997
20071202,BK-T18U-44,190.46,43,8189.780000000001
20071202,BK-T18U-50,167.89,92,15445.88
20071202,BK-T18U-54,174.18,73,12715.140000000001
20071202,BK-T18U-58,183.06,62,11349.72
20071202,BK-T18U-62,208.61,22,4589.42
20071202,BK-T18Y-44,169.53,83,14070.99
20071202,BK-T18Y-50,183.49,65,11926.85
20071202,BK-T18Y-54,169.67,62,10519.539999999999
20071202,BK-T18Y-58,168.26,40,6730.4
20071202,BK-T18Y-62,169.76,69,11713.439999999999
20071202,BK-T44U-46,407.08,56,22796.48
20071202,BK-T44U-50,399.97,23,9199.310000000001
20071202,BK-T44U-54,370.04,90,33303.6
20071202,BK-T44U-60,396.96,82,32550.719999999998
20071202,BK-T79U-46,812.36,87,70675.32
20071202,BK-T79U-50,693.84,41,28447.440000000002
20071202,BK-T79U-54,726.08,31,22508.48
20071202,BK-T79U-60,696.2,115,80063.0
20071202,BK-T79Y-46,460.53,99,45592.469999999994
20071202,BK-T79Y-50,629.32,67,42164.44
20071202,BK-T79Y-54,640.62,42,26906.04
20071202,BK-T79Y-60,485.01,97,47045.97
20071202,FR-M21B-44,75.57,29,2191.5299999999997
20071202,FR-M21S-40,87.89,71,6240.19
20071202,FR-M21S-52,77.21,114,8801.939999999999
20071202,FR-M63S-40,116.25,124,14415.0
20071202,FR-M94B-42,353.76,37,13089.119999999999
20071202,FR-M94S-46,452.43,123,55648.89
20071202,FR-R38B-52,146.07,60,8764.199999999999
20071202,FR-R72Y-38,207.95,146,30360.699999999997
20071202,FR-R72Y-48,249.98,25,6249.5
20071202,FR-T67Y-44,107.01,77,8239.77
20071202,FR-T98U-50,309.26,137,42368.619999999995
20071202,FR-T98U-54,301.49,145,43716.05
20071202,FR-T98Y-46,335.15,88,29493.199999999997
20071202,FR-T98Y-50,353.82,45,15921.9
20071202,FR-T98Y-54,333.28,151,50325.28
20071203,BK-M68S-38,735.56,3,2206.68
20071204,BK-M38S-46,302.72,11,3329.92
20071204,BK-M68S-38,735.26,19,13969.94
20071205,BK-M68S-42,713.52,23,16410.96
20071205,BK-R64Y-44,442.35,13,5750.55
20071207,BK-M68S-46,753.26,6,4519.5599999999995
20071207,BK-R19B-48,184.68,22,4062.96
20071207,BK-R19B-58,258.45,7,1809.1499999999999
20071207,BK-T79U-54,726.13,22,15974.86
20071208,BK-R19B-44,203.48,7,1424.36
20071208,BK-R64Y-42,570.64,4,2282.56
20071208,BK-R79Y-44,732.23,23,16841.29
20071209,BK-R19B-58,259.64,10,2596.3999999999996
20071212,BK-M38S-38,336.28,3,1008.8399999999999
20071212,BK-M68S-46,751.36,2,1502.72
20071212,BK-R79Y-42,565.48,18,10178.64
20071212,BK-R89R-58,1032.1,10,10321.0
20071213,BK-M68B-46,648.15,11,7129.65
20071213,BK-M68S-46,752.04,9,6768.36
20071213,BK-R19B-44,202.44,4,809.76
20071213,BK-R64Y-42,571.49,4,2285.96
20071213,BK-T79U-50,675.18,3,2025.54
20071214,BK-M38S-38,334.5,7,2341.5
20071214,BK-M68B-38,721.66,14,10103.24
20071214,BK-R64Y-38,428.9,10,4289.0
20071214,BK-T18Y-62,169.45,21,3558.45
20071215,BK-M68B-42,727.4,21,15275.4
20071215,BK-R19B-44,201.15,16,3218.4
20071215,BK-T18Y-50,184.75,21,3879.75
20071216,BK-R19B-52,228.67,9,2058.0299999999997
20071216,BK-R64Y-42,567.33,17,9644.61
20071218,BK-M38S-42,313.33,24,7519.92
20071218,BK-R19B-58,259.95,7,1819.6499999999999
20071218,BK-R64Y-44,447.21,20,8944.199999999999
20071218,BK-R79Y-40,724.88,9,6523.92
20071218,BK-T79U-50,666.78,19,12668.82
20071219,BK-M18B-44,207.83,8,1662.64
20071219,BK-M68S-46,749.32,19,14237.080000000002
20071221,BK-T79U-46,820.99,6,4925.9400000000005
20071221,BK-T79U-60,693.01,13,9009.13
20071222,BK-M68B-38,713.82,10,7138.200000000001
20071222,BK-M68B-46,658.06,12,7896.719999999999
20071222,BK-M68S-42,704.33,28,19721.24
20071222,BK-R19B-52,229.45,4,917.8
20071225,BK-M68S-38,725.69,17,12336.730000000001
20071225,BK-R89B-48,890.76,11,9798.36
20071226,BK-R19B-52,225.95,8,1807.6
20071226,BK-T79U-46,820.96,16,13135.36
20071227,BK-R19B-48,188.75,16,3020.0
20071228,BK-R19B-52,225.12,27,6078.24
20071228,BK-R89B-58,937.08,24,22489.920000000002
20071229,BK-M68B-42,742.65,7,5198.55
20071229,BK-R19B-58,257.42,18,4633.56
20071229,BK-R64Y-38,420.72,7,2945.04
20071229,BK-R79Y-40,713.77,11,7851.469999999999
20071229,BK-R89B-52,934.81,23,21500.629999999997
20071229,BK-T44U-50,394.29,4,1577.16
20071230,BK-M38S-38,330.39,3,991.17
20071230,BK-M68B-46,648.3,12,7779.599999999999
20071230,BK-R19B-44,199.51,6,1197.06
20071230,BK-R79Y-48,593.41,23,13648.429999999998
20071231,BK-M18B-42,158.2,24,3796.7999999999997
20080101,BK-M68B-42,737.9,13,9592.699999999999
20080101,BK-R64Y-40,483.32,10,4833.2
20080101,BK-T18Y-44,169.36,22,3725.92
20080102,BK-M18B-40,203.89,9,1835.0099999999998
20080102,BK-M18B-44,205.27,14,2873.78
20080102,BK-M18B-48,173.56,15,2603.4
20080102,BK-M18B-52,205.95,15,3089.25
20080102,BK-M18S-40,79.38,27,2143.2599999999998
20080102,BK-M18S-42,62.69,27,1692.6299999999999
20080102,BK-M18S-48,72.77,22,1600.9399999999998
20080102,BK-M18S-52,63.46,26,1649.96
20080102,BK-M38S-38,328.64,26,8544.64
20080102,BK-M38S-40,259.8,38,9872.4
20080102,BK-M38S-46,304.29,38,11563.02
20080102,BK-M68B-38,711.73,50,35586.5
20080102,BK-M68B-42,736.42,55,40503.1
20080102,BK-M68B-46,641.71,52,33368.92
20080102,BK-M68S-38,723.63,33,23879.79
20080102,BK-M68S-42,716.87,40,28674.8
20080102,BK-M68S-46,747.8,46,34398.799999999996
20080102,BK-R19B-44,200.87,26,5222.62
20080102,BK-R19B-48,189.71,70,13279.7
20080102,BK-R19B-52,224.94,52,11696.88
20080102,BK-R19B-58,256.96,37,9507.519999999999
20080102,BK-R64Y-38,422.99,55,23264.45
20080102,BK-R64Y-40,482.98,37,17870.260000000002
20080102,BK-R64Y-42,562.2,33,18552.600000000002
20080102,BK-R64Y-44,454.3,31,14083.300000000001
20080102,BK-R64Y-48,403.4,79,31868.6
20080102,BK-R79Y-40,706.37,80,56509.6
20080102,BK-R79Y-42,558.3,34,18982.199999999997
20080102,BK-R79Y-44,738.72,34,25116.48
20080102,BK-R79Y-48,592.16,80,47372.799999999996
20080102,BK-R89B-44,1007.7,47,47361.9
20080102,BK-R89B-48,894.12,34,30400.08
20080102,BK-R89B-52,939.48,19,17850.12
20080102,BK-R89R-58,1040.72,16,16651.52
20080102,BK-T18U-50,167.18,45,7523.1
20080102,BK-T18U-54,171.96,26,4470.96
20080102,BK-T18U-58,187.8,8,1502.4
20080102,BK-T18U-62,205.34,18,3696.12
20080102,BK-T18Y-44,168.77,20,3375.4
20080102,BK-T18Y-50,185.63,35,6497.05
20080102,BK-T18Y-58,164.75,22,3624.5
20080102,BK-T18Y-62,169.66,42,7125.72
20080102,BK-T44U-46,409.15,29,11865.349999999999
20080102,BK-T44U-50,393.3,35,13765.5
20080102,BK-T44U-54,359.12,49,17596.88
20080102,BK-T44U-60,399.34,42,16772.28
20080102,BK-T79U-46,833.34,55,45833.700000000004
20080102,BK-T79U-50,673.39,19,12794.41
20080102,BK-T79U-54,714.67,7,5002.69
20080102,BK-T79U-60,686.01,41,28126.41
20080102,BK-T79Y-46,465.04,37,17206.48
20080102,BK-T79Y-50,635.84,19,12080.960000000001
20080102,BK-T79Y-54,642.5,13,8352.5
20080102,BK-T79Y-60,485.53,51,24762.03
20080102,FR-M21B-44,75.5,113,8531.5
20080102,FR-M21S-42,78.12,92,7187.040000000001
20080102,FR-M63S-42,119.5,63,7528.5
20080102,FR-M94B-42,346.48,114,39498.72
20080102,FR-R38B-58,126.15,53,6685.950000000001
20080102,FR-T67U-54,125.39,82,10281.98
20080103,BK-M68B-38,711.87,10,7118.7
20080105,BK-T18U-44,189.56,8,1516.48
20080108,BK-T79U-60,678.69,22,14931.18
20080110,BK-M68B-38,714.77,4,2859.08
20080110,BK-M68S-38,731.1,3,2193.3
20080111,BK-M38S-42,318.99,5,1594.95
20080111,BK-M68S-46,743.31,15,11149.65
20080111,BK-T79U-54,713.64,4,2854.56
20080113,BK-T79Y-46,466.52,24,11196.48
20080113,BK-T79Y-50,639.45,20,12789.0
20080114,BK-M18B-40,207.0,10,2070.0
20080114,BK-M68B-46,639.31,7,4475.17
20080114,BK-M68S-38,742.2,25,18555.0
20080114,BK-T79U-54,709.5,26,18447.0
20080115,BK-M68B-38,708.28,24,16998.72
20080115,BK-R89R-58,1037.12,16,16593.92
20080116,BK-M18S-44,82.48,19,1567.1200000000001
20080116,BK-R79Y-42,547.87,3,1643.6100000000001
20080117,BK-R19B-48,186.72,10,1867.2
20080118,BK-R19B-44,197.46,15,2961.9
20080118,BK-R64Y-40,492.66,11,5419.26
20080118,BK-R79Y-40,704.49,8,5635.92
20080119,BK-M68B-42,737.24,12,8846.880000000001
20080119,BK-R19B-52,226.38,3,679.14
20080120,BK-M38S-42,317.48,8,2539.84
20080120,BK-M68B-46,640.14,23,14723.22
20080120,BK-R64Y-38,424.86,18,7647.4800000000005
20080121,BK-M18B-44,204.52,13,2658.76
20080121,BK-M68S-46,736.26,11,8098.86
20080122,BK-T18U-58,190.36,6,1142.16
20080123,BK-R19B-52,226.42,13,2943.46
20080123,BK-R79Y-42,543.54,22,11957.88
20080124,BK-R89B-58,920.46,6,5522.76
20080127,BK-M38S-38,338.82,9,3049.38
20080127,BK-M68S-42,711.78,23,16370.939999999999
20080127,BK-R79Y-48,592.77,4,2371.08
20080127,BK-T79U-50,685.87,23,15775.01
20080129,BK-R19B-58,252.01,25,6300.25
20080130,BK-M68S-46,750.19,27,20255.13
20080130,BK-R19B-48,186.21,2,372.42
20080130,BK-R79Y-48,592.81,25,14820.249999999998
20080130,BK-R89B-44,1010.8,24,24259.199999999997
20080130,BK-R89B-58,918.88,3,2756.64
20080201,BK-M68B-42,742.38,3,2227.14
20080201,BK-R19B-44,202.94,15,3044.1
20080202,BK-M18B-40,206.1,24,4946.4
20080202,BK-M18B-42,158.42,33,5227.86
20080202,BK-M18B-44,204.47,21,4293.87
20080202,BK-M18B-48,174.22,29,5052.38
20080202,BK-M18B-52,203.8,23,4687.400000000001
20080202,BK-M18S-42,64.57,33,2130.81
20080202,BK-M18S-44,83.14,33,2743.62
20080202,BK-M18S-48,72.83,20,1456.6
20080202,BK-M18S-52,64.77,44,2849.8799999999997
20080202,BK-M38S-38,335.13,32,10724.16
20080202,BK-M38S-40,263.97,62,16366.140000000001
20080202,BK-M38S-42,317.81,50,15890.5
20080202,BK-M38S-46,301.41,30,9042.300000000001
20080202,BK-M68B-38,702.38,92,64618.96
20080202,BK-M68B-42,743.94,90,66954.6
20080202,BK-M68B-46,637.48,77,49085.96
20080202,BK-M68S-38,729.34,83,60535.22
20080202,BK-M68S-42,720.21,81,58337.01
20080202,BK-M68S-46,749.43,52,38970.36
20080202,BK-R19B-44,201.94,54,10904.76
20080202,BK-R19B-48,185.41,110,20395.1
20080202,BK-R19B-52,229.14,80,18331.199999999997
20080202,BK-R19B-58,253.73,39,9895.47
20080202,BK-R64Y-38,419.4,86,36068.4
20080202,BK-R64Y-40,491.69,54,26551.26
20080202,BK-R64Y-42,580.15,60,34809.0
20080202,BK-R64Y-44,459.26,36,16533.36
20080202,BK-R64Y-48,414.06,75,31054.5
20080202,BK-R79Y-40,700.82,109,76389.38
20080202,BK-R79Y-42,549.15,39,21416.85
20080202,BK-R79Y-44,751.05,52,39054.6
20080202,BK-R79Y-48,596.13,93,55440.09
20080202,BK-R89B-44,1019.42,48,48932.159999999996
20080202,BK-R89B-48,908.12,73,66292.76
20080202,BK-R89B-52,934.98,50,46749.0
20080202,BK-R89B-58,921.07,53,48816.71
20080202,BK-R89R-58,1052.31,36,37883.159999999996
20080202,BK-T18U-44,192.68,31,5973.08
20080202,BK-T18U-50,168.2,52,8746.4
20080202,BK-T18U-54,171.36,36,6168.960000000001
20080202,BK-T18U-58,193.94,43,8339.42
20080202,BK-T18U-62,204.33,14,2860.6200000000003
20080202,BK-T18Y-44,166.0,63,10458.0
20080202,BK-T18Y-50,185.77,28,5201.56
20080202,BK-T18Y-54,167.25,51,8529.75
20080202,BK-T18Y-58,163.74,7,1146.18
20080202,BK-T18Y-62,165.38,25,4134.5
20080202,BK-T44U-46,411.91,51,21007.41
20080202,BK-T44U-54,361.64,82,29654.48
20080202,BK-T44U-60,387.1,39,15096.900000000001
20080202,BK-T79U-46,811.69,64,51948.16
20080202,BK-T79U-50,685.85,17,11659.45
20080202,BK-T79U-60,680.09,85,57807.65
20080202,BK-T79Y-46,468.45,52,24359.399999999998
20080202,BK-T79Y-50,650.77,39,25380.03
20080202,BK-T79Y-54,645.76,23,14852.48
20080202,BK-T79Y-60,481.7,79,38054.299999999996
20080202,FR-M21B-42,70.73,77,5446.21
20080202,FR-M63S-42,119.31,13,1551.03
20080202,FR-M94B-38,409.25,47,19234.75
20080202,FR-R72Y-48,243.3,131,31872.300000000003
20080202,FR-T67U-50,108.09,115,12430.35
20080202,FR-T98U-60,345.44,139,48016.159999999996
20080205,BK-M18S-40,79.28,16,1268.48
20080206,BK-T79U-54,701.53,23,16135.189999999999
20080207,BK-R64Y-44,462.48,6,2774.88
20080207,BK-R79Y-42,550.79,9,4957.11
20080208,BK-M68S-46,747.84,23,17200.32
20080209,BK-M68B-38,711.13,15,10666.95
20080209,BK-R19B-58,252.43,25,6310.75
20080212,BK-T79U-46,806.79,10,8067.9
20080213,BK-M68S-38,739.52,13,9613.76
20080214,BK-R64Y-40,497.66,7,3483.6200000000003
20080214,BK-R79Y-42,542.85,11,5971.35
20080214,BK-T18Y-50,184.7,4,738.8
20080214,BK-T79U-50,693.47,21,14562.87
20080215,BK-T18U-54,170.17,16,2722.72
20080216,BK-M68B-42,737.31,6,4423.86
20080216,BK-R19B-52,232.66,24,5583.84
20080216,BK-T79Y-46,470.82,5,2354.1
20080216,BK-T79Y-54,644.06,22,14169.32
20080219,BK-T18Y-62,166.59,8,1332.72
20080220,BK-M68B-38,720.68,17,12251.56
20080220,BK-M68B-42,742.92,8,5943.36
20080220,BK-R89R-58,1068.03,13,13884.39
20080221,BK-M68S-42,732.86,23,16855.78
20080221,BK-R79Y-40,705.25,16,11284.0
20080222,BK-M68B-46,636.78,28,17829.84
20080223,BK-R64Y-44,457.47,10,4574.700000000001
20080223,BK-T44U-50,375.96,22,8271.119999999999
20080224,BK-R19B-44,201.68,8,1613.44
20080224,BK-R19B-48,184.06,11,2024.66
20080224,BK-T79Y-50,654.12,19,12428.28
20080225,BK-M68S-38,737.49,12,8849.880000000001
20080225,BK-M68S-46,756.59,19,14375.210000000001
20080225,BK-T79Y-46,465.57,8,3724.56
20080228,BK-M68B-38,724.97,22,15949.34
20080228,BK-M68B-42,746.68,8,5973.44
20080229,BK-T79U-46,818.78,11,9006.58
20080301,BK-R64Y-40,497.47,14,6964.58
20080301,BK-R79Y-42,541.5,20,10830.0
20080302,BK-M18B-40,210.41,15,3156.15
20080302,BK-M18B-42,161.77,11,1779.47
20080302,BK-M18B-44,202.07,28,5657.96
20080302,BK-M18B-48,174.94,30,5248.2
20080302,BK-M18B-52,201.1,38,7641.8
20080302,BK-M18S-40,79.55,25,1988.75
20080302,BK-M18S-42,65.41,12,784.92
20080302,BK-M18S-48,72.96,13,948.4799999999999
20080302,BK-M18S-52,65.32,29,1894.2799999999997
20080302,BK-M38S-38,341.92,24,8206.08
20080302,BK-M38S-40,267.76,20,5355.2
20080302,BK-M38S-42,319.85,10,3198.5
20080302,BK-M38S-46,300.1,26,7802.6
20080302,BK-M68B-38,724.67,114,82612.37999999999
20080302,BK-M68B-42,745.1,82,61098.200000000004
20080302,BK-M68B-46,642.26,54,34682.04
20080302,BK-M68S-38,735.2,66,48523.200000000004
20080302,BK-M68S-42,735.47,48,35302.56
20080302,BK-M68S-46,759.22,42,31887.24
20080302,BK-R19B-44,202.46,15,3036.9
20080302,BK-R19B-48,184.26,120,22111.199999999997
20080302,BK-R19B-52,229.85,60,13791.0
20080302,BK-R19B-58,256.3,41,10508.300000000001
20080302,BK-R64Y-38,421.78,61,25728.579999999998
20080302,BK-R64Y-40,499.51,31,15484.81
20080302,BK-R64Y-42,596.19,38,22655.22
20080302,BK-R64Y-44,456.37,24,10952.880000000001
20080302,BK-R64Y-48,416.84,42,17507.28
20080302,BK-R79Y-40,709.17,96,68080.31999999999
20080302,BK-R79Y-42,539.71,64,34541.44
20080302,BK-R79Y-44,747.36,35,26157.600000000002
20080302,BK-R79Y-48,605.89,115,69677.34999999999
20080302,BK-R89B-44,1016.15,67,68082.05
20080302,BK-R89B-48,912.27,32,29192.64
20080302,BK-R89B-52,946.64,18,17039.52
20080302,BK-R89B-58,935.98,26,24335.48
20080302,BK-R89R-58,1079.72,21,22674.12
20080302,BK-T18U-44,204.09,33,6734.97
20080302,BK-T18U-50,165.18,65,10736.7
20080302,BK-T18U-54,170.47,66,11251.02
20080302,BK-T18U-58,195.3,38,7421.400000000001
20080302,BK-T18U-62,202.19,49,9907.31
20080302,BK-T18Y-44,164.64,83,13665.119999999999
20080302,BK-T18Y-50,181.76,63,11450.88
20080302,BK-T18Y-54,167.35,28,4685.8
20080302,BK-T18Y-58,164.55,39,6417.450000000001
20080302,BK-T18Y-62,165.31,102,16861.62
20080302,BK-T44U-46,415.03,45,18676.35
20080302,BK-T44U-50,378.1,19,7183.900000000001
20080302,BK-T44U-54,369.24,66,24369.84
20080302,BK-T44U-60,380.46,82,31197.719999999998
20080302,BK-T79U-46,823.29,80,65863.2
20080302,BK-T79U-50,713.04,52,37078.08
20080302,BK-T79U-54,694.41,21,14582.609999999999
20080302,BK-T79U-60,686.41,79,54226.39
20080302,BK-T79Y-46,462.9,92,42586.799999999996
20080302,BK-T79Y-50,651.1,46,29950.600000000002
20080302,BK-T79Y-54,652.58,23,15009.34
20080302,BK-T79Y-60,473.15,99,46841.85
20080302,FR-M21B-44,75.46,73,5508.58
20080302,FR-M21S-40,94.41,88,8308.08
20080302,FR-M21S-42,77.12,139,10719.68
20080302,FR-M63S-40,119.16,123,14656.68
20080302,FR-M63S-42,119.73,106,12691.380000000001
20080302,FR-M94S-38,432.59,86,37202.74
20080302,FR-R38B-52,154.56,126,19474.56
20080302,FR-R72Y-44,190.96,78,14894.880000000001
20080302,FR-T98Y-60,284.39,81,23035.59
20080303,BK-R19B-58,255.22,18,4593.96
20080305,BK-M38S-38,340.89,8,2727.12
20080306,BK-M68S-46,766.53,18,13797.539999999999
20080307,BK-M68S-42,735.24,24,17645.760000000002
20080307,BK-R19B-52,230.0,26,5980.0
20080307,BK-R79Y-48,607.58,22,13366.76
20080308,BK-R19B-44,203.27,23,4675.21
20080308,BK-T79U-54,689.62,3,2068.86
20080308,BK-T79Y-54,660.71,8,5285.68
20080309,BK-M18S-48,72.83,6,436.98
20080310,BK-M68S-38,728.36,15,10925.4
20080310,BK-R89R-58,1089.33,19,20697.269999999997
20080311,BK-R64Y-48,418.79,5,2093.9500000000003
20080312,BK-T79U-60,692.74,6,4156.4400000000005
20080313,BK-M38S-42,321.57,12,3858.84
20080313,BK-R64Y-44,462.87,12,5554.4400000000005
20080313,BK-T79U-54,683.83,25,17095.75
20080315,BK-M18S-44,84.18,5,420.90000000000003
20080315,BK-T44U-54,365.55,25,9138.75
20080317,BK-M68B-46,641.89,3,1925.67
20080318,BK-M38S-40,271.38,10,2713.8
20080319,BK-M68S-46,767.0,25,19175.0
20080320,BK-M18B-40,212.45,6,1274.6999999999998
20080320,BK-M68B-46,640.61,8,5124.88
20080320,BK-T79U-60,688.49,18,12392.82
20080320,BK-T79Y-50,660.69,13,8588.970000000001
20080321,BK-M68B-42,741.64,27,20024.28
20080321,BK-M68S-38,737.19,10,7371.900000000001
20080321,BK-R79Y-40,713.1,17,12122.7
20080321,BK-R79Y-44,741.78,25,18544.5
20080321,BK-R89B-48,923.66,12,11083.92
20080322,BK-R19B-48,185.39,22,4078.58
20080322,BK-R19B-58,259.99,5,1299.95
20080323,BK-R64Y-48,421.92,13,5484.96
20080324,BK-M38S-38,336.09,8,2688.72
20080325,BK-R19B-52,235.64,6,1413.84
20080327,BK-M38S-46,295.25,12,3543.0
20080327,BK-M68B-38,728.59,23,16757.57
20080327,BK-T79Y-54,653.1,14,9143.4
20080328,BK-M68B-46,634.53,20,12690.599999999999
20080329,BK-R64Y-40,513.84,8,4110.72
20080329,BK-T44U-60,387.56,23,8913.88
20080330,BK-R19B-44,202.79,7,1419.53
20080330,BK-R19B-52,238.29,9,2144.61
20080331,BK-M68S-38,734.8,23,16900.399999999998
20080401,BK-R19B-58,256.26,4,1025.04
20080402,BK-M18B-40,210.03,36,7561.08
20080402,BK-M18B-42,160.05,30,4801.5
20080402,BK-M18B-44,199.51,17,3391.67
20080402,BK-M18B-48,177.82,40,7112.799999999999
20080402,BK-M18B-52,197.09,17,3350.53
20080402,BK-M18S-40,79.91,16,1278.56
20080402,BK-M18S-42,65.11,38,2474.18
20080402,BK-M18S-44,85.61,25,2140.25
20080402,BK-M18S-48,74.3,18,1337.3999999999999
20080402,BK-M18S-52,65.06,28,1821.68
20080402,BK-M38S-38,335.63,44,14767.72
20080402,BK-M38S-40,269.8,45,12141.0
20080402,BK-M38S-42,321.87,33,10621.710000000001
20080402,BK-M38S-46,294.35,30,8830.5
20080402,BK-M68B-38,736.7,67,49358.9
20080402,BK-M68B-42,740.79,74,54818.46
20080402,BK-M68B-46,635.74,47,29879.78
20080402,BK-M68S-38,736.05,50,36802.5
20080402,BK-M68S-42,739.73,75,55479.75
20080402,BK-M68S-46,773.13,43,33244.59
20080402,BK-R19B-44,201.88,16,3230.08
20080402,BK-R19B-48,184.13,102,18781.26
20080402,BK-R19B-52,240.36,85,20430.600000000002
20080402,BK-R19B-58,256.36,45,11536.2
20080402,BK-R64Y-38,424.86,54,22942.440000000002
20080402,BK-R64Y-40,515.23,39,20093.97
20080402,BK-R64Y-42,591.61,50,29580.5
20080402,BK-R64Y-44,456.85,31,14162.35
20080402,BK-R64Y-48,421.91,66,27846.06
20080402,BK-R79Y-40,712.64,107,76252.48
20080402,BK-R79Y-42,540.1,53,28625.300000000003
20080402,BK-R79Y-48,617.86,106,65493.16
20080402,BK-R89B-44,1058.52,53,56101.56
20080402,BK-R89B-48,923.51,45,41557.95
20080402,BK-R89B-52,949.27,23,21833.21
20080402,BK-R89B-58,943.95,28,26430.600000000002
20080402,BK-R89R-58,1084.43,17,18435.31
20080402,BK-T18U-50,165.75,64,10608.0
20080402,BK-T18U-54,169.26,37,6262.62
20080402,BK-T18U-58,199.09,12,2389.08
20080402,BK-T18Y-44,163.47,41,6702.2699999999995
20080402,BK-T18Y-50,181.66,39,7084.74
20080402,BK-T18Y-54,168.78,33,5569.74
20080402,BK-T18Y-58,162.35,24,3896.3999999999996
20080402,BK-T18Y-62,167.21,34,5685.14
20080402,BK-T44U-46,414.96,30,12448.8
20080402,BK-T44U-50,371.86,16,5949.76
20080402,BK-T44U-54,363.65,44,16000.599999999999
20080402,BK-T44U-60,387.98,33,12803.34
20080402,BK-T79U-46,808.8,54,43675.2
20080402,BK-T79U-50,690.54,44,30383.76
20080402,BK-T79U-60,671.25,75,50343.75
20080402,BK-T79Y-46,460.45,44,20259.8
20080402,BK-T79Y-50,658.28,28,18431.84
20080402,BK-T79Y-54,658.93,9,5930.37
20080402,BK-T79Y-60,463.34,65,30117.1
20080402,FR-R38B-58,123.54,32,3953.28
20080402,FR-R92R-44,500.51,55,27528.05
20080402,FR-T67Y-44,109.11,85,9274.35
20080402,FR-T67Y-62,115.72,13,1504.36
20080404,BK-R79Y-42,539.45,19,10249.550000000001
20080406,BK-T79U-54,686.59,20,13731.800000000001
20080407,BK-R79Y-44,747.97,18,13463.460000000001
20080409,BK-M68B-46,633.25,10,6332.5
20080409,BK-T79Y-54,652.69,8,5221.52
20080410,BK-R19B-44,201.33,8,1610.64
20080410,BK-R19B-52,243.82,18,4388.76
20080410,BK-R79Y-40,713.34,19,13553.460000000001
20080410,BK-R89B-52,943.84,15,14157.6
20080413,BK-M68S-46,784.14,15,11762.1
20080414,BK-T18U-62,202.16,17,3436.72
20080415,BK-R19B-48,182.7,2,365.4
20080415,BK-T44U-50,374.65,9,3371.85
20080416,BK-M68B-46,636.15,19,12086.85
20080416,BK-M68S-38,723.9,18,13030.199999999999
20080416,BK-R64Y-40,525.29,4,2101.16
20080417,BK-R19B-58,258.69,6,1552.1399999999999
20080417,BK-T79U-46,810.54,22,17831.879999999997
20080418,BK-R19B-44,201.35,17,3422.95
20080418,BK-R19B-48,182.88,12,2194.56
20080419,BK-R64Y-40,524.76,27,14168.52
20080420,BK-M68B-38,736.21,26,19141.46
20080420,BK-M68B-42,718.12,19,13644.28
20080420,BK-T18U-58,197.77,5,988.85
20080421,BK-R79Y-48,620.36,16,9925.76
20080422,BK-T18U-44,199.41,3,598.23
20080423,BK-T79Y-46,452.19,16,7235.04
20080424,BK-R19B-58,259.93,15,3898.9500000000003
20080425,BK-R79Y-42,541.03,23,12443.689999999999
20080426,BK-M68S-38,726.11,11,7987.21
20080426,BK-R19B-48,184.45,23,4242.349999999999
20080426,BK-R19B-52,240.31,27,6488.37
20080426,BK-R64Y-42,591.74,8,4733.92
20080426,BK-T79Y-50,650.55,23,14962.65
20080426,BK-T79Y-54,656.75,14,9194.5
20080428,BK-M68S-42,740.84,21,15557.640000000001
20080430,BK-M68S-46,781.88,18,14073.84
20080501,BK-M18B-44,196.48,10,1964.8
20080501,BK-M68S-38,727.24,27,19635.48
20080501,BK-R64Y-44,442.37,14,6193.18
20080501,BK-R64Y-48,413.47,4,1653.88
20080501,BK-R89B-48,915.7,16,14651.2
20080502,BK-M18B-40,206.87,9,1861.83
20080502,BK-M18B-42,157.95,24,3790.7999999999997
20080502,BK-M18B-44,195.78,9,1762.02
20080502,BK-M18B-48,177.76,45,7999.2
20080502,BK-M18B-52,197.54,32,6321.28
20080502,BK-M18S-40,80.26,49,3932.7400000000002
20080502,BK-M18S-42,66.05,36,2377.7999999999997
20080502,BK-M18S-44,86.96,53,4608.88
20080502,BK-M18S-48,72.99,63,4598.37
20080502,BK-M18S-52,64.98,42,2729.1600000000003
20080502,BK-M38S-38,334.82,30,10044.6
20080502,BK-M38S-40,273.46,74,20236.039999999997
20080502,BK-M38S-42,322.2,15,4833.0
20080502,BK-M38S-46,292.5,34,9945.0
20080502,BK-M68B-38,730.65,136,99368.4
20080502,BK-M68B-42,721.4,84,60597.6
20080502,BK-M68B-46,649.48,68,44164.64
20080502,BK-M68S-38,729.35,82,59806.700000000004
20080502,BK-M68S-42,747.15,84,62760.6
20080502,BK-M68S-46,780.47,73,56974.310000000005
20080502,BK-R19B-44,201.49,60,12089.400000000001
20080502,BK-R19B-48,185.26,105,19452.3
20080502,BK-R19B-52,240.74,97,23351.780000000002
20080502,BK-R19B-58,259.15,50,12957.499999999998
20080502,BK-R64Y-38,426.01,75,31950.75
20080502,BK-R64Y-40,523.15,62,32435.3
20080502,BK-R64Y-42,591.3,58,34295.399999999994
20080502,BK-R64Y-44,440.2,48,21129.6
20080502,BK-R64Y-48,414.79,71,29450.09
20080502,BK-R79Y-40,716.0,126,90216.0
20080502,BK-R79Y-42,542.91,61,33117.509999999995
20080502,BK-R79Y-44,712.7,55,39198.5
20080502,BK-R79Y-48,617.0,140,86380.0
20080502,BK-R89B-44,1054.58,57,60111.06
20080502,BK-R89B-48,914.69,37,33843.53
20080502,BK-R89B-52,955.76,43,41097.68
20080502,BK-R89B-58,957.89,29,27778.81
20080502,BK-R89R-58,1059.6,50,52979.99999999999
20080502,BK-T18U-44,198.81,27,5367.87
20080502,BK-T18U-50,165.68,73,12094.640000000001
20080502,BK-T18U-54,165.74,72,11933.28
20080502,BK-T18U-58,195.81,48,9398.880000000001
20080502,BK-T18Y-44,159.68,78,12455.04
20080502,BK-T18Y-50,175.78,49,8613.22
20080502,BK-T18Y-54,165.95,34,5642.299999999999
20080502,BK-T18Y-58,162.88,21,3420.48
20080502,BK-T18Y-62,171.13,81,13861.529999999999
20080502,BK-T44U-46,411.64,38,15642.32
20080502,BK-T44U-50,382.36,40,15294.400000000001
20080502,BK-T44U-54,368.74,83,30605.420000000002
20080502,BK-T44U-60,391.45,88,34447.6
20080502,BK-T79U-46,820.67,73,59908.909999999996
20080502,BK-T79U-50,692.46,57,39470.22
20080502,BK-T79U-60,656.78,104,68305.12
20080502,BK-T79Y-46,454.58,93,42275.939999999995
20080502,BK-T79Y-50,649.76,39,25340.64
20080502,BK-T79Y-54,660.55,17,11229.349999999999
20080502,BK-T79Y-60,478.64,76,36376.64
20080502,FR-M21B-42,73.03,92,6718.76
20080502,FR-M21B-44,75.82,57,4321.74
20080502,FR-M21B-48,96.05,81,7780.05
20080502,FR-M21S-44,96.29,80,7703.200000000001
20080502,FR-M21S-52,80.04,102,8164.080000000001
20080502,FR-M63S-40,121.13,182,22045.66
20080502,FR-M63S-42,122.19,134,16373.46
20080502,FR-M94B-38,404.44,122,49341.68
20080502,FR-M94B-42,343.0,45,15435.0
20080502,FR-M94S-38,445.9,42,18727.8
20080502,FR-R72Y-38,210.85,6,1265.1
20080502,FR-R72Y-44,190.27,127,24164.29
20080502,FR-T67Y-50,107.04,116,12416.640000000001
20080502,FR-T67Y-62,113.64,119,13523.16
20080502,FR-T98U-54,301.42,55,16578.100000000002
20080502,FR-T98Y-54,326.54,130,42450.200000000004
20080505,BK-M68B-46,649.6,4,2598.4
20080505,BK-T79Y-60,480.07,14,6720.98
20080506,BK-R19B-58,259.95,16,4159.2
20080506,BK-T79U-54,668.54,24,16044.96
20080508,BK-M68B-42,719.58,13,9354.54
20080508,BK-M68B-46,649.21,24,15581.04
20080511,BK-M68S-42,748.77,26,19468.02
20080511,BK-R19B-48,186.0,5,930.0
20080513,BK-M18B-44,193.57,23,4452.11
20080513,BK-M68B-42,720.57,4,2882.28
20080514,BK-R19B-48,185.51,7,1298.57
20080514,BK-T18U-62,209.4,22,4606.8
20080515,BK-R79Y-48,621.36,19,11805.84
20080516,BK-R19B-52,242.2,9,2179.7999999999997
20080516,BK-R64Y-42,594.42,19,11293.98
20080516,BK-R64Y-48,418.19,3,1254.57
20080516,BK-R79Y-40,722.16,10,7221.599999999999
20080516,BK-T18Y-50,176.89,5,884.4499999999999
20080517,BK-M38S-42,322.44,25,8061.0
20080517,BK-M68B-38,733.17,12,8798.039999999999
20080517,BK-M68B-42,718.54,24,17244.96
20080517,BK-M68S-46,776.39,20,15527.8
20080517,BK-R64Y-38,428.45,11,4712.95
20080517,BK-R64Y-44,434.96,9,3914.64
20080518,BK-R64Y-40,520.14,21,10922.94
20080518,BK-R64Y-48,418.1,12,5017.200000000001
20080518,BK-R79Y-44,726.9,13,9449.699999999999
20080520,BK-M68B-46,653.47,16,10455.52
20080520,BK-M68S-38,727.32,26,18910.32
20080520,BK-R79Y-42,543.08,12,6516.960000000001
20080520,BK-R89B-58,941.86,25,23546.5
20080521,BK-R19B-48,186.04,8,1488.32
20080522,BK-M68B-38,731.62,14,10242.68
20080522,BK-R19B-44,201.94,20,4038.8
20080522,BK-R19B-52,241.59,26,6281.34
20080522,BK-T44U-54,378.8,9,3409.2000000000003
20080523,BK-T79Y-54,653.72,16,10459.52
20080524,BK-M68S-46,778.76,9,7008.84
20080524,BK-R19B-48,185.5,12,2226.0
20080524,BK-R19B-58,267.18,7,1870.26
20080524,BK-T18Y-62,166.9,2,333.8
20080526,BK-R89B-52,943.42,23,21698.66
20080526,BK-T79Y-46,448.48,7,3139.36
20080526,BK-T79Y-60,486.21,9,4375.889999999999
20080527,BK-M68S-42,744.18,22,16371.96
20080528,BK-M68B-38,735.48,6,4412.88
20080528,BK-R19B-58,263.35,4,1053.4
20080528,BK-R64Y-44,444.93,14,6229.02
20080528,BK-R64Y-48,421.52,24,10116.48
20080528,BK-R79Y-40,727.86,8,5822.88
20080528,BK-R79Y-44,724.05,15,10860.75
20080528,BK-R79Y-48,627.81,22,13811.82
20080528,BK-T18Y-50,175.21,9,1576.89
20080529,BK-T79Y-46,451.58,6,2709.48
20080530,BK-M38S-46,291.38,3,874.14
20080530,BK-M68S-46,785.85,6,4715.1
20080530,BK-R64Y-38,425.9,7,2981.2999999999997
20080531,BK-M18B-40,204.12,18,3674.16
20080531,BK-M68B-46,665.72,10,6657.200000000001
20080601,BK-R89B-48,914.31,21,19200.51
20080602,BK-M18B-40,204.93,17,3483.81
20080602,BK-M18B-42,160.86,30,4825.8
20080602,BK-M18B-44,190.59,29,5527.11
20080602,BK-M18B-48,177.36,40,7094.400000000001
20080602,BK-M18B-52,203.2,21,4267.2
20080602,BK-M18S-40,81.32,39,3171.4799999999996
20080602,BK-M18S-42,66.29,56,3712.2400000000002
20080602,BK-M18S-44,84.07,26,2185.8199999999997
20080602,BK-M18S-48,72.86,34,2477.24
20080602,BK-M18S-52,64.68,45,2910.6000000000004
20080602,BK-M38S-38,339.45,33,11201.85
20080602,BK-M38S-40,270.35,33,8921.550000000001
20080602,BK-M38S-42,319.57,35,11184.949999999999
20080602,BK-M38S-46,291.43,35,10200.050000000001
20080602,BK-M68B-38,739.52,128,94658.56
20080602,BK-M68B-42,724.48,115,83315.2
20080602,BK-M68B-46,663.39,85,56388.15
20080602,BK-M68S-38,736.35,102,75107.7
20080602,BK-M68S-42,746.79,63,47047.77
20080602,BK-M68S-46,779.26,91,70912.66
20080602,BK-R19B-44,203.43,40,8137.200000000001
20080602,BK-R19B-48,185.86,121,22489.06
20080602,BK-R19B-52,239.44,64,15324.16
20080602,BK-R19B-58,264.9,65,17218.5
20080602,BK-R64Y-38,423.56,58,24566.48
20080602,BK-R64Y-40,520.07,32,16642.24
20080602,BK-R64Y-42,603.59,49,29575.91
20080602,BK-R64Y-44,443.18,25,11079.5
20080602,BK-R64Y-48,426.9,51,21771.899999999998
20080602,BK-R79Y-40,727.7,101,73497.70000000001
20080602,BK-R79Y-42,546.59,84,45913.560000000005
20080602,BK-R79Y-44,719.34,25,17983.5
20080602,BK-R79Y-48,627.67,116,72809.72
20080602,BK-R89B-44,1041.94,54,56264.76
20080602,BK-R89B-48,914.4,38,34747.2
20080602,BK-R89B-52,936.91,18,16864.38
20080602,BK-R89B-58,933.64,31,28942.84
20080602,BK-R89R-58,1057.24,12,12686.880000000001
20080602,BK-T18U-44,195.71,29,5675.59
20080602,BK-T18U-50,165.36,69,11409.84
20080602,BK-T18U-54,169.02,50,8451.0
20080602,BK-T18U-58,192.49,43,8277.07
20080602,BK-T18U-62,209.18,40,8367.2
20080602,BK-T18Y-44,160.03,73,11682.19
20080602,BK-T18Y-50,175.63,80,14050.4
20080602,BK-T18Y-54,163.1,64,10438.4
20080602,BK-T18Y-58,165.97,25,4149.25
20080602,BK-T18Y-62,165.95,73,12114.349999999999
20080602,BK-T44U-46,412.33,62,25564.46
20080602,BK-T44U-50,379.31,29,10999.99
20080602,BK-T44U-54,379.05,99,37525.950000000004
20080602,BK-T44U-60,397.19,67,26611.73
20080602,BK-T79U-46,814.83,111,90446.13
20080602,BK-T79U-50,701.02,68,47669.36
20080602,BK-T79U-54,672.16,47,31591.519999999997
20080602,BK-T79U-60,653.57,80,52285.600000000006
20080602,BK-T79Y-46,450.68,93,41913.24
20080602,BK-T79Y-50,663.54,72,47774.88
20080602,BK-T79Y-54,649.08,29,18823.32
20080602,BK-T79Y-60,486.94,112,54537.28
20080602,FR-M21B-44,75.14,120,9016.8
20080602,FR-M21S-40,90.18,101,9108.18
20080602,FR-M21S-42,78.27,76,5948.5199999999995
20080602,FR-M94B-42,346.51,74,25641.739999999998
20080602,FR-M94S-38,451.23,100,45123.0
20080602,FR-M94S-46,472.33,114,53845.619999999995
20080602,FR-R38B-52,161.83,37,5987.71
20080602,FR-R38B-58,118.61,100,11861.0
20080602,FR-R72Y-38,212.12,104,22060.48
20080602,FR-T67U-54,133.18,21,2796.78
20080602,FR-T98U-54,303.16,166,50324.560000000005
20080602,FR-T98U-60,351.23,119,41796.37
20080602,FR-T98Y-60,285.23,48,13691.04
20080604,BK-R64Y-40,517.47,4,2069.88
20080606,BK-R19B-52,240.83,19,4575.77
20080606,BK-T18Y-44,159.37,22,3506.1400000000003
20080606,BK-T18Y-62,167.01,11,1837.11
20080607,BK-R64Y-40,522.3,25,13057.499999999998
20080608,BK-M68B-38,731.11,13,9504.43
20080608,BK-R19B-58,267.05,9,2403.4500000000003
20080610,BK-R64Y-38,424.82,24,10195.68
20080612,BK-M38S-38,336.1,17,5713.700000000001
20080612,BK-M38S-46,291.48,7,2040.3600000000001
20080612,BK-R89R-58,1043.72,15,15655.800000000001
20080612,BK-T18U-58,192.57,11,2118.27
20080613,BK-M68S-38,734.2,7,5139.400000000001
20080613,BK-R79Y-44,729.96,18,13139.28
20080614,BK-M18S-52,64.26,18,1156.68
20080614,BK-R89B-52,935.55,18,16839.899999999998
20080614,BK-T79Y-54,644.77,17,10961.09
20080615,BK-M68B-38,725.2,17,12328.400000000001
20080615,BK-M68B-42,719.19,16,11507.04
20080615,BK-M68S-38,730.31,19,13875.89
20080615,BK-R19B-44,200.73,28,5620.44
20080615,BK-R19B-58,268.97,7,1882.7900000000002
20080616,BK-R19B-52,238.95,15,3584.25
20080617,BK-M68S-42,749.98,9,6749.82
20080617,BK-M68S-46,770.71,26,20038.46
20080617,BK-R79Y-40,734.14,19,13948.66
20080618,BK-R79Y-42,548.07,10,5480.700000000001
20080618,BK-T79U-60,661.95,3,1985.8500000000001
20080618,BK-T79Y-60,495.35,12,5944.200000000001
20080619,BK-M68B-46,680.19,16,10883.04
20080620,BK-R79Y-48,626.44,19,11902.36
20080621,BK-R19B-58,271.78,15,4076.7
20080622,BK-T44U-54,385.02,11,4235.219999999999
20080622,BK-T79U-60,664.92,25,16623.0
20080623,BK-M68B-42,716.37,16,11461.92
20080623,BK-M68S-42,752.9,23,17316.7
20080623,BK-R64Y-42,610.03,13,7930.389999999999
20080624,BK-M38S-46,292.77,10,2927.7
20080624,BK-T79Y-50,661.3,8,5290.4
20080625,BK-M68B-38,725.68,24,17416.32
20080625,BK-M68S-38,725.55,13,9432.15
20080625,BK-R19B-52,239.15,18,4304.7
20080625,BK-R79Y-42,544.41,21,11432.609999999999
20080625,BK-T79Y-46,453.8,3,1361.4
20080626,BK-R64Y-44,451.13,12,5413.5599999999995
20080626,BK-T79U-54,670.97,20,13419.400000000001
20080627,BK-T79U-50,698.38,6,4190.28
20080628,BK-R19B-48,188.42,21,3956.8199999999997
20080628,BK-T79Y-46,452.03,11,4972.33
20080629,BK-M68B-46,692.45,21,14541.45
20080629,BK-R64Y-48,427.88,12,5134.5599999999995
20080629,BK-R79Y-44,742.12,2,1484.24
20080629,BK-R89B-48,912.57,26,23726.82
20080630,BK-M38S-42,322.59,23,7419.57
20080630,BK-R19B-58,271.82,5,1359.1
20080701,BK-M68S-38,724.0,25,18100.0
20080701,BK-R19B-44,201.92,23,4644.16
